Name,Price,Image
Slim Fit Cargo Pants,"PKR 4,190",//outfitters.com.pk/cdn/shop/files/F0359108119LOWER.jpg?v=1714036437
Slim Fit Cargo Pants,"PKR 4,190",//outfitters.com.pk/cdn/shop/files/F0359108901LOWER.jpg?v=1714036437
Slim Fit Cargo Pants,"PKR 4,190",//outfitters.com.pk/cdn/shop/files/F0359108113_5_copy.jpg?v=1714043616
Multi-Piece Sneakers,"PKR 6,590",//outfitters.com.pk/cdn/shop/files/F0201112001_5.jpg?v=1712139012
Multi-Piece Sneakers,"PKR 6,590",//outfitters.com.pk/cdn/shop/files/F0201112007_5.jpg?v=1712139035
Palm Tree Pack of 3 Socks,PKR 590,//outfitters.com.pk/cdn/shop/files/F0069119998_2_copy.jpg?v=1718194021
Slogan Print Shorts,"PKR 2,590",//outfitters.com.pk/cdn/shop/files/F0090110999Lower.jpg?v=1714974233
Slogan Print Shorts,"PKR 2,590",//outfitters.com.pk/cdn/shop/files/F0090110915_2_copy.jpg?v=1719291763
Basic Medium Weight T-Shirt,PKR 790,//outfitters.com.pk/cdn/shop/products/F0432106901M_2.jpg?v=1680085541
Rigid Slim Non Denim Pants,"PKR 2,690",//outfitters.com.pk/cdn/shop/files/F0363108909LOWER.jpg?v=1711016114
Rigid Slim Non Denim Pants,"PKR 2,690",//outfitters.com.pk/cdn/shop/files/F0363108127_3.jpg?v=1711016114
PERFORATED SNEAKERS,"PKR 6,590",//outfitters.com.pk/cdn/shop/files/F0202112002_6.jpg?v=1712139235
Basic V-Neck T-Shirt,PKR 890,//outfitters.com.pk/cdn/shop/files/F0726106001M_3.jpg?v=1706614912
Basic V-Neck T-Shirt,PKR 890,//outfitters.com.pk/cdn/shop/files/F0726106618M_4.jpg?v=1706614912
Fuax Leather Sneakers,"PKR 5,890",//outfitters.com.pk/cdn/shop/files/F0221112001_6_d39fb917-4be5-466c-bf6d-f03b303cd152.jpg?v=1715850794
Skinny Fit Jeans,"PKR 2,190",//outfitters.com.pk/cdn/shop/products/F0200109901M_2_15fffe85-ab67-4164-bcf0-fe1de752fec0.jpg?v=1677844595
Basic Pop Over Shirt,"PKR 3,490",//outfitters.com.pk/cdn/shop/files/F0477103901.jpg?v=1716963191
Basic Pop Over Shirt,"PKR 3,490",//outfitters.com.pk/cdn/shop/files/F0477103001.jpg?v=1716963191
Basic Pop Over Shirt,"PKR 3,490",//outfitters.com.pk/cdn/shop/files/F0477103130_3_copy.jpg?v=1716963191
Gum Sole Contrast Sneakers,"PKR 6,590",//outfitters.com.pk/cdn/shop/files/F0204112001_6.jpg?v=1709278956
Gum Sole Contrast Sneakers,"PKR 6,590",//outfitters.com.pk/cdn/shop/files/F0204112901_5.jpg?v=1709278956
Basic V-Neck T-Shirt,PKR 890,//outfitters.com.pk/cdn/shop/files/F0726106117M_3_e662bcb7-4243-4874-ba19-6dcbb991d93c.jpg?v=1715850873
Color Block Sneakers,"PKR 6,590",//outfitters.com.pk/cdn/shop/files/F0231112002_4_copy.jpg?v=1713522293
Textured Flip Flops,"PKR 1,790",//outfitters.com.pk/cdn/shop/files/F0138112909_4.jpg?v=1692700720
Basic 5 Pocket Casual Trousers,"PKR 3,790",//outfitters.com.pk/cdn/shop/files/F0347108801_lowersM_1.jpg?v=1706604536
Basic 5 Pocket Casual Trousers,"PKR 3,790",//outfitters.com.pk/cdn/shop/files/F0347108817_lowersM_3.jpg?v=1706873579
Basic 5 Pocket Casual Trousers,"PKR 3,790",//outfitters.com.pk/cdn/shop/files/F0347108801_lowersM_1_c_opy.jpg?v=1708317658
Basic 5 Pocket Casual Trousers,"PKR 3,790",//outfitters.com.pk/cdn/shop/files/F0347108801_lowersM_1_e5c6ffa6-b33e-4963-adf0-cc02ca41d1ee.jpg?v=1708317658
Two-Tone Low Top Sneakers,"PKR 6,290",//outfitters.com.pk/cdn/shop/files/F0220112001_6.jpg?v=1710829234
Raglan Graphic T-shirt,PKR 990,//outfitters.com.pk/cdn/shop/files/F0093125623_2.jpg?v=1714029428
Fuax Leather Sneakers,"PKR 5,890",//outfitters.com.pk/cdn/shop/files/F0221112901_7_f9229075-7933-4a29-902d-1a025af15b65.jpg?v=1719399654
Graphic Resort Collar Shirt,"PKR 2,390",//outfitters.com.pk/cdn/shop/files/F0499103901.jpg?v=1708410015
Basic Cotton Blend Pants,"PKR 3,490",//outfitters.com.pk/cdn/shop/files/F0348108007_lowersM_2.jpg?v=1706604834
Basic Cotton Blend Pants,"PKR 3,490",//outfitters.com.pk/cdn/shop/files/F0348108901_lowersM_3.jpg?v=1706766662
Basic Cotton Blend Pants,"PKR 3,490",//outfitters.com.pk/cdn/shop/files/F0348108007_lowersM_2_4cef5906-e9a9-4bb5-bcce-8b96e0cdd0a5.jpg?v=1707912398
Basic Crew Neck T-Shirt,PKR 990,//outfitters.com.pk/cdn/shop/files/F0347108801_lowersM_1_759652dc-e49c-4626-ab1c-1e1fdbf438cb.jpg?v=1706608884
Straight Jogger Trousers,"PKR 2,490",//outfitters.com.pk/cdn/shop/files/F0350108901_lowersM_1_b7f4bd2c-a891-45a0-ac91-03d393f1e1f6.jpg?v=1715851136
Straight Jogger Trousers,"PKR 2,490",//outfitters.com.pk/cdn/shop/files/F0350108002_lowersM_88f53a18-4d75-439b-9775-bb1e3933c0ae.jpg?v=1715851136
Printed Resort Collar Shirt,"PKR 1,790",//outfitters.com.pk/cdn/shop/files/F0501103998M_2.jpg?v=1708068761
Basic Cotton Shirt,"PKR 1,990",//outfitters.com.pk/cdn/shop/files/F0469103817_2.jpg?v=1707809094
Cargo Straight Jeans,"PKR 4,890",//outfitters.com.pk/cdn/shop/files/F0383109630_2.jpg?v=1707464231
Textured Jersey T-Shirt,PKR 990,//outfitters.com.pk/cdn/shop/files/F0762106901M_3.jpg?v=1706617410
Straight Fit Cargo Pants,"PKR 4,190",//outfitters.com.pk/cdn/shop/files/F0357108817LOWER.jpg?v=1712206783
Straight Fit Cargo Pants,"PKR 4,190",//outfitters.com.pk/cdn/shop/files/F0357108901LOWER.jpg?v=1718349252
Textured Striped Resort Collar Shirt,"PKR 1,690",//outfitters.com.pk/cdn/shop/files/F0549103002M_2.jpg?v=1707200326
Faded Black Short,"PKR 2,790",//outfitters.com.pk/cdn/shop/files/F0089110903_2_96fb16e4-262b-43ce-9156-6f81b1675ed0.jpg?v=1717043053
Canvas Low Cut Sneakers,"PKR 4,890",//outfitters.com.pk/cdn/shop/files/F0219112814_4_copy.jpg?v=1709293530
Striped T-Shirt,"PKR 1,090",//outfitters.com.pk/cdn/shop/files/F0758106618.jpg?v=1714043703
Loose Cargo Trousers,"PKR 4,190",//outfitters.com.pk/cdn/shop/files/F0364108119LOWER.jpg?v=1714036711
Loose Cargo Trousers,"PKR 4,190",//outfitters.com.pk/cdn/shop/files/F0364108901LOWER.jpg?v=1715840049
Locals Only Graphic T-Shirt,"PKR 1,890",//outfitters.com.pk/cdn/shop/files/F0735106007_4f4cf892-5076-4224-82a5-78216c6f611b.jpg?v=1719294637
Solid Slouchy Pants,"PKR 2,690",//outfitters.com.pk/cdn/shop/files/F0393108129LOWER.jpg?v=1715840114
Faux Leather Backpack,"PKR 4,890",//outfitters.com.pk/cdn/shop/files/F0108113901_10.jpg?v=1708516956
Striped T-shirt,"PKR 1,090",//outfitters.com.pk/cdn/shop/files/F1056106999.jpg?v=1712294514
Slouchy Fit Cotton Trousers,"PKR 2,690",//outfitters.com.pk/cdn/shop/files/F0361108901_2.jpg?v=1710928837
Raglan Sleeve Textured T-Shirt,"PKR 1,290",//outfitters.com.pk/cdn/shop/files/F0091125901.jpg?v=1714029343
Basic Patch Pocket T-Shirt,"PKR 1,590",//outfitters.com.pk/cdn/shop/files/F0930106901.jpg?v=1716980273
Balloon Fit Cargo Trousers,"PKR 4,490",//outfitters.com.pk/cdn/shop/files/F0358108904LOWER.jpg?v=1711948645
Plain Scarf,"PKR 1,090",//outfitters.com.pk/cdn/shop/products/F0041118202_2.jpg?v=1670568733
Slogan Graphic T-Shirt,"PKR 1,890",//outfitters.com.pk/cdn/shop/files/F0855106113_3.jpg?v=1713162100
Basic Cotton Blend Pants,"PKR 3,490",//outfitters.com.pk/cdn/shop/files/F0355108901_lowersM_2.jpg?v=1706260054
Basic Cotton Blend Pants,"PKR 3,490",//outfitters.com.pk/cdn/shop/files/F0355108007_lowersM_4.jpg?v=1708059569
Basic Cotton Blend Pants,"PKR 3,490",//outfitters.com.pk/cdn/shop/files/F0355108203_lowersM_3.jpg?v=1708059569
Straight Cargo Trousers,"PKR 4,190",//outfitters.com.pk/cdn/shop/files/F0356108911LOWER_2.jpg?v=1709638648
Straight Cargo Trousers,"PKR 4,190",//outfitters.com.pk/cdn/shop/files/F0356108901LOWER.jpg?v=1711016027
Color Blocking With Pipping Detail T-shirt,"PKR 1,190",//outfitters.com.pk/cdn/shop/files/F0865106907.jpg?v=1711952512
Basic Slim Fit Chinos,"PKR 3,790",//outfitters.com.pk/cdn/shop/files/F0383108007Lower.jpg?v=1719294202
Basic Slim Fit Chinos,"PKR 3,790",//outfitters.com.pk/cdn/shop/files/F0383108901Lowers.jpg?v=1719294202
Stranger Things Graphic T-Shirt,"PKR 1,890",//outfitters.com.pk/cdn/shop/files/F0851106623.jpg?v=1719295110
Slim Cropped Jeans,"PKR 4,190",//outfitters.com.pk/cdn/shop/files/F0356109625_3_45c6143e-32d9-4914-ae07-ba882be8fa74.jpg?v=1707460866
Ripped Jeans,"PKR 4,190",//outfitters.com.pk/cdn/shop/files/F0433109625_3_copy.jpg?v=1715341387
Slogan T-Shirt,"PKR 1,190",//outfitters.com.pk/cdn/shop/files/F0747106113_65eca583-9d2b-4d3d-b8c5-0369294bc27b.jpg?v=1711951050
Slogan T-Shirt,"PKR 1,190",//outfitters.com.pk/cdn/shop/files/F0747106901.jpg?v=1712292848
Faded Slim Cropped Jeans,"PKR 3,790",//outfitters.com.pk/cdn/shop/files/F0393109903_2_ac3ddb4f-e32c-47da-9c08-322cac25f884.jpg?v=1717044581
Multi-color Striped Shirt,"PKR 2,990",//outfitters.com.pk/cdn/shop/files/F0639103906_2.jpg?v=1718191922
Multi-color Striped Shirt,"PKR 2,990",//outfitters.com.pk/cdn/shop/files/F0639103301_2.jpg?v=1719399291
Slim Fit Ripped Jean,"PKR 4,190",//outfitters.com.pk/cdn/shop/files/F0411109630_2.jpg?v=1713336413
Striped T-Shirt,"PKR 1,190",//outfitters.com.pk/cdn/shop/files/F0770106002.jpg?v=1716207888
Striped T-Shirt,"PKR 1,190",//outfitters.com.pk/cdn/shop/files/F0770106901.jpg?v=1716207888
Slim Cropped Denim Jeans,"PKR 2,690",//outfitters.com.pk/cdn/shop/files/F0394109622_2.jpg?v=1717044721
Activewear Mesh T-shirt with Contrast Details,"PKR 1,390",//outfitters.com.pk/cdn/shop/files/F0092125619_2_copy.jpg?v=1712137510
Skinny Tapered Jeans,"PKR 3,490",//outfitters.com.pk/cdn/shop/files/F0400109901_2_33efe6ce-8fcd-4d91-8f89-efde7f64af3f.jpg?v=1717045448
slim fit jeans,"PKR 4,190",//outfitters.com.pk/cdn/shop/files/F0392109630_2.jpg?v=1707464495
Vintage Washed T-Shirt,"PKR 1,190",//outfitters.com.pk/cdn/shop/files/F0718106628.jpg?v=1711953533
Vintage Washed T-Shirt,"PKR 1,190",//outfitters.com.pk/cdn/shop/files/F0718106901_2_99153e96-b3c1-4cfc-9ef7-5935a46dae35.jpg?v=1711953533
Black  Standard Straight,"PKR 3,790",//outfitters.com.pk/cdn/shop/files/F0415109903_2_copy.jpg?v=1715343520
Vison Graphic T-Shirt,"PKR 1,590",//outfitters.com.pk/cdn/shop/files/F0748106602M_2_d333cf4c-e703-4e58-a009-47c1b22d2cba.jpg?v=1715850834
Slim Fit Jean,"PKR 4,190",//outfitters.com.pk/cdn/shop/files/F0410109625_2_edc85e18-cad5-4216-a8c5-b3d104e8a5fc.jpg?v=1717045834
Dream Graphic T-Shirt,"PKR 1,190",//outfitters.com.pk/cdn/shop/files/F0979106001.jpg?v=1719297205
Faded Loose Relaxed Jeans,"PKR 3,790",//outfitters.com.pk/cdn/shop/files/F0360109903_2_9e0e5752-586d-4113-bb11-49f09d1a1445.jpg?v=1707461174
Travel Graphic T-Shirt,"PKR 1,690",//outfitters.com.pk/cdn/shop/files/F0960106527.jpg?v=1716980523
Textured Stripe  Shirt,"PKR 1,990",//outfitters.com.pk/cdn/shop/files/F0468103637_6.jpg?v=1712292207
Textured Stripe  Shirt,"PKR 1,990",//outfitters.com.pk/cdn/shop/files/F0468103901_2.jpg?v=1713161599
Slim Fit Jeans,"PKR 4,190",//outfitters.com.pk/cdn/shop/files/F0355109625_2_150097e2-d455-4104-a734-6041c46c6899.jpg?v=1707460791
Slogan Print T-Shirt,"PKR 1,190",//outfitters.com.pk/cdn/shop/files/F0774106720.jpg?v=1711082581
Slogan Print T-Shirt,"PKR 1,190",//outfitters.com.pk/cdn/shop/files/F0774106901.jpg?v=1711951413
Slim Cropped Jeans,"PKR 2,690",//outfitters.com.pk/cdn/shop/files/F0371109630_3_87d2cf2d-4933-4658-abc8-d033b63424a1.jpg?v=1707462915
All Over Printed Resort Collar Shirt,"PKR 2,590",//outfitters.com.pk/cdn/shop/files/F0507103999_2.jpg?v=1709027199
skinny jeans,"PKR 2,690",//outfitters.com.pk/cdn/shop/files/F0368109903_2.jpg?v=1707462869
Meta-Modernism Graphic T-shirt,"PKR 1,190",//outfitters.com.pk/cdn/shop/files/F0776106901.jpg?v=1711951480
Skinny Tapered Jeans,"PKR 2,690",//outfitters.com.pk/cdn/shop/files/F0401109622_2_f4095e60-2959-42f4-bacc-35edc21eeda6.jpg?v=1717045520
COTTON-LINEN SHIRT,"PKR 1,690",//outfitters.com.pk/cdn/shop/files/F0293103901M_2.jpg?v=1688991244
Slim Fit Jeans,"PKR 4,190",//outfitters.com.pk/cdn/shop/files/F0354109622_2_e28a53ac-0cd5-4dfd-9de6-907ce2294ff4.jpg?v=1707460730
Slim Fit Jeans,"PKR 4,190",//outfitters.com.pk/cdn/shop/files/F0352109630_2_484ef65f-8f9e-4ffe-b81a-41f297ef692f.jpg?v=1707460586
Jaws Graphic T-Shirt,"PKR 1,190",//outfitters.com.pk/cdn/shop/files/F0777106001_2.jpg?v=1712049376
Straight Jogger Trousers,"PKR 2,490",//outfitters.com.pk/cdn/shop/files/F0350108706_lowersM_2.jpg?v=1706163872
Checkered Shirt,"PKR 1,590",//outfitters.com.pk/cdn/shop/files/F0300103626M_3.jpg?v=1689059596
Basic Linen Blend Shirt,"PKR 3,490",//outfitters.com.pk/cdn/shop/files/F0465103113.jpg?v=1714037534
Basic Linen Blend Shirt,"PKR 3,490",//outfitters.com.pk/cdn/shop/files/F0465103001.jpg?v=1716810786
Basic Linen Blend Shirt,"PKR 3,490",//outfitters.com.pk/cdn/shop/files/F0465103636.jpg?v=1716810786
Slim Fit Jeans,"PKR 4,190",//outfitters.com.pk/cdn/shop/files/F0374109625_4.jpg?v=1707462957
Slim Fit Jeans,"PKR 3,490",//outfitters.com.pk/cdn/shop/files/F0346109901_4_6fea7f2f-ac4e-4a10-844d-f539468e5d93.jpg?v=1708408805
Watercolor Oceanic Printed Shirt,"PKR 1,390",//outfitters.com.pk/cdn/shop/files/F0377103998M_2.jpg?v=1691382817
Basic Terry Trousers,"PKR 3,090",//outfitters.com.pk/cdn/shop/files/F0346108636LOWER.jpg?v=1707802750
Basic Terry Trousers,"PKR 3,090",//outfitters.com.pk/cdn/shop/files/F0346108117LOWER.jpg?v=1708406488
Basic Terry Trousers,"PKR 3,090",//outfitters.com.pk/cdn/shop/files/F0346108901LOWER.jpg?v=1708406488
Slim Fit Jeans,"PKR 4,190",//outfitters.com.pk/cdn/shop/files/F0351109625.jpg?v=1707806134
Statement Graphic T-Shirt,"PKR 1,190",//outfitters.com.pk/cdn/shop/files/F0749106001_3_e2af4c83-52a8-4aa7-aec8-be66d4a19a7f.jpg?v=1708067365
Denim Loose Fit Shorts,"PKR 2,790",//outfitters.com.pk/cdn/shop/files/F0097110909_3.jpg?v=1715071017
Yarn Dyed Striped Shirt,"PKR 2,990",//outfitters.com.pk/cdn/shop/files/F0611103634_3_copy.jpg?v=1719482356
Skinny Fit Jeans,"PKR 3,490",//outfitters.com.pk/cdn/shop/files/F0346109901_4.jpg?v=1708605532
Skinny Fit Jeans,"PKR 4,190",//outfitters.com.pk/cdn/shop/files/F0363109622_2_e18d470c-54f2-4eaa-936e-53c691c18f91.jpg?v=1707462727
Basic Scarf,"PKR 1,190",//outfitters.com.pk/cdn/shop/products/F0026118708_1.jpg?v=1669371674
Seersucker Checkered Shirt,"PKR 3,090",//outfitters.com.pk/cdn/shop/files/F0471103002.jpg?v=1719481679
Oversize Paneled Color Block Sweatshirt,"PKR 2,390",//outfitters.com.pk/cdn/shop/products/F0156107618_2_657eddeb-6b03-4269-9f0e-bdda445d8371.jpg?v=1672649467
Oversize Paneled Color Block Sweatshirt,"PKR 2,390",//outfitters.com.pk/cdn/shop/products/F0156107005_4.jpg?v=1674034095
Skinny Fit Jeans,"PKR 4,190",//outfitters.com.pk/cdn/shop/files/F0364109625_2_e54c25e1-062f-47d3-85d7-a7c6958650fa.jpg?v=1707462779
Basic Raglan T-Shirt,"PKR 1,290",//outfitters.com.pk/cdn/shop/files/F0935106219.jpg?v=1716811490
Basic Raglan T-Shirt,"PKR 1,290",//outfitters.com.pk/cdn/shop/files/F0935106907.jpg?v=1716811490
Slouchy Fit Jeans,"PKR 2,690",//outfitters.com.pk/cdn/shop/files/F0378109903_lowersM_1.jpg?v=1705989821
Trousers With Cut & Sew Detail,"PKR 2,790",//outfitters.com.pk/cdn/shop/files/F0389108602_2.jpg?v=1718366819
Trousers With Cut & Sew Detail,"PKR 2,790",//outfitters.com.pk/cdn/shop/files/F0389108618_3_copy.jpg?v=1719462150
Trousers With Cut & Sew Detail,"PKR 2,790",//outfitters.com.pk/cdn/shop/files/F0389108816_2_copy.jpg?v=1719462150
Basic Poplin Shirt,"PKR 2,590",//outfitters.com.pk/cdn/shop/files/F0466103901M_2_7b873aa9-63f1-4212-b0db-eba37e075cda.jpg?v=1715851049
Basic Poplin Shirt,"PKR 2,590",//outfitters.com.pk/cdn/shop/files/F0466103001M_2_fb126be4-59c5-459a-bd37-eb812348bb6f.jpg?v=1715930565
Basic Poplin Shirt,"PKR 2,590",//outfitters.com.pk/cdn/shop/files/F0466103618M_2_e705467a-8995-4f3a-81b0-514eec76f406.jpg?v=1715930565
SLIM FIT JEANS,"PKR 4,190",//outfitters.com.pk/cdn/shop/files/F0390109622_1.jpg?v=1707464355
Basic Sleeveless T-Shirt,"PKR 1,290",//outfitters.com.pk/cdn/shop/files/F0923106006_2.jpg?v=1713353045
Basic Sleeveless T-Shirt,"PKR 1,290",//outfitters.com.pk/cdn/shop/files/F0923106901_2_copy.jpg?v=1713522917
Slim Fit Jeans,"PKR 3,790",//outfitters.com.pk/cdn/shop/files/F0349109622_2_31736df2-a103-48b9-a709-9082fac0ec1d.jpg?v=1707222662
Basic Poplin Half Sleeve Shirt,"PKR 1,590",//outfitters.com.pk/cdn/shop/files/F0478103007M_2.jpg?v=1706612047
Basic Poplin Half Sleeve Shirt,"PKR 1,590",//outfitters.com.pk/cdn/shop/files/F0478103527M_3.jpg?v=1706766423
Basic Poplin Half Sleeve Shirt,"PKR 1,590",//outfitters.com.pk/cdn/shop/files/F0063110901_lowersM_1_fe7d0f8f-ce9f-4ab5-a837-ed53b178bfe5.jpg?v=1716184248
Slouchy Fit  Jeans,"PKR 3,790",//outfitters.com.pk/cdn/shop/files/F0413109630_2.jpg?v=1717045919
Basic Crew Neck T-Shirt,"PKR 1,290",//outfitters.com.pk/cdn/shop/files/F0707106305M_4_bba7fb44-d581-4422-85de-b158507874ec.jpg?v=1715850949
Basic Crew Neck T-Shirt,"PKR 1,290",//outfitters.com.pk/cdn/shop/files/F0707106406M_2_2206c387-2f33-4aba-9cf5-fc5da5af597e.jpg?v=1715862239
Basic Crew Neck T-Shirt,"PKR 1,290",//outfitters.com.pk/cdn/shop/files/F0707106618M_2_9cde8821-bfb5-4539-b7ec-c694aa89243f.jpg?v=1715921555
Basic Crew Neck T-Shirt,"PKR 1,290",//outfitters.com.pk/cdn/shop/files/F0707106220M_1_2566e32a-6a51-44c4-b88c-9e61c3fcdeb3.jpg?v=1715921555
Slim Fit Jeans,"PKR 2,990",//outfitters.com.pk/cdn/shop/files/F0391109625_2_acd1bb0d-509a-46a1-abf7-6e2d763c32dd.jpg?v=1708411003
Slogan Print Shorts,"PKR 2,590",//outfitters.com.pk/cdn/shop/files/F0080110901_1_copy.jpg?v=1718366672
Textured T-shirt,"PKR 3,090",//outfitters.com.pk/cdn/shop/files/F0729106002.jpg?v=1712292610
Textured T-shirt,"PKR 3,090",//outfitters.com.pk/cdn/shop/files/F0729106628.jpg?v=1719294493
Textured T-shirt,"PKR 3,090",//outfitters.com.pk/cdn/shop/files/F0729106901.jpg?v=1719294493
Slouchy Fit Jeans,"PKR 3,790",//outfitters.com.pk/cdn/shop/files/F0377109630_2.jpg?v=1707463103
Graphic T-Shirt,"PKR 1,290",//outfitters.com.pk/cdn/shop/files/F0937106901.jpg?v=1716980387
Graphic T-Shirt,"PKR 1,290",//outfitters.com.pk/cdn/shop/files/F0937106915.jpg?v=1716980387
Slim Cropped Jeans,"PKR 3,790",//outfitters.com.pk/cdn/shop/files/F0353109903_6.jpg?v=1707460682
Textured Knit Polo Shirt,"PKR 4,890",//outfitters.com.pk/cdn/shop/files/F0790106618M_5.jpg?v=1710930192
Loose Relaxed Jeans,"PKR 3,790",//outfitters.com.pk/cdn/shop/files/F0359109625DUBLE_2.jpg?v=1707461114
Basic Sleeveless T-Shirt,"PKR 1,290",//outfitters.com.pk/cdn/shop/files/F1052106006M_1.jpg?v=1706614585
Basic Sleeveless T-Shirt,"PKR 1,290",//outfitters.com.pk/cdn/shop/files/F0068110603_lowersM_2_6857789c-12ba-48f4-a793-51d1eb97fd89.jpg?v=1706614718
Slouchy Fit Jeans,"PKR 3,790",//outfitters.com.pk/cdn/shop/files/F0376109625_0f6a87c4-5600-4e4a-bc9c-a31a89ec5e9e.jpg?v=1707806159
Basic Knitted Polo Shirt,"PKR 3,390",//outfitters.com.pk/cdn/shop/files/F0787106901.jpg?v=1716791213
Tape Polo Shirt with Zipper Collar,"PKR 3,090",//outfitters.com.pk/cdn/shop/files/F0739106121_2.jpg?v=1710158010
Tape Polo Shirt with Zipper Collar,"PKR 3,090",//outfitters.com.pk/cdn/shop/files/F0739106224_4.jpg?v=1711950881
Tape Polo Shirt with Zipper Collar,"PKR 3,090",//outfitters.com.pk/cdn/shop/files/F0739106901.jpg?v=1712292789
Wide Baggy Jeans,"PKR 3,790",//outfitters.com.pk/cdn/shop/files/F0381109625_2.jpg?v=1708423572
Raglan T-Shirt,"PKR 1,290",//outfitters.com.pk/cdn/shop/files/F0728106220M_2.jpg?v=1708322158
Rigid Slim Jeans,"PKR 3,490",//outfitters.com.pk/cdn/shop/files/F0361109625_2.jpg?v=1707461230
Jacquard Knit Polo Shirt,"PKR 3,390",//outfitters.com.pk/cdn/shop/files/F0824106901.jpg?v=1716811143
Cotton Linen Checkered Shirt,"PKR 3,090",//outfitters.com.pk/cdn/shop/files/F0524103801.jpg?v=1711016767
Cotton Linen Checkered Shirt,"PKR 3,090",//outfitters.com.pk/cdn/shop/files/F0524103618_2285b5d0-b8fd-4627-a564-9a3b61085f4d.jpg?v=1715925322
Basic Crew Neck T-Shirt,"PKR 1,290",//outfitters.com.pk/cdn/shop/files/F0348108007_lowersM_2_a1cdbea1-b0e9-408a-bf5d-f1f759f1ff8f.jpg?v=1706607817
Basic Crew Neck T-Shirt,"PKR 1,290",//outfitters.com.pk/cdn/shop/files/F0345108901_lowersM_1.jpg?v=1715861282
Slim Fit Jeans,"PKR 2,990",//outfitters.com.pk/cdn/shop/files/F0391109625_2_951c16c8-11fe-4107-9eb9-6c08aeb87c26.jpg?v=1707464463
Graphic T-Shirt,"PKR 1,590",//outfitters.com.pk/cdn/shop/files/F0852106001_3.jpg?v=1716270045
Rigid Slim Fit Jeans,"PKR 1,990",//outfitters.com.pk/cdn/shop/products/F0225109903M_2.jpg?v=1677845382
Cotton Cargo Shorts,"PKR 3,490",//outfitters.com.pk/cdn/shop/files/F0063110113_lowersM_3.jpg?v=1712206237
Cotton Cargo Shorts,"PKR 3,490",//outfitters.com.pk/cdn/shop/files/F0063110901_lowersM_2.jpg?v=1712206297
Zephyr Graphic T-Shirt,"PKR 1,290",//outfitters.com.pk/cdn/shop/files/F0734106625.jpg?v=1719294574
Slim Fit Jeans,"PKR 2,190",//outfitters.com.pk/cdn/shop/files/F0178108218_lowersM_3.jpg?v=1688532841
Polyester Color Blocking Shorts,"PKR 2,590",//outfitters.com.pk/cdn/shop/files/F0097125623_2.jpg?v=1716269357
Polyester Color Blocking Shorts,"PKR 2,590",//outfitters.com.pk/cdn/shop/files/F0097125901_2.jpg?v=1716269357
Oversized Color Block Sweater,"PKR 2,590",//outfitters.com.pk/cdn/shop/products/F0059102805_3.jpg?v=1669118190
Oversized Color Block Sweater,"PKR 2,590",//outfitters.com.pk/cdn/shop/products/F0059102901_3.jpg?v=1669286944
Trouser With Contrast Panel Detail,"PKR 3,490",//outfitters.com.pk/cdn/shop/files/F0104125901LOWER.jpg?v=1714029644
Slim Fit Jeans,"PKR 2,190",//outfitters.com.pk/cdn/shop/products/F0139108204_lowers_1_1.jpg?v=1683889443
Checkered Shirt,"PKR 2,990",//outfitters.com.pk/cdn/shop/files/F0612103607.jpg?v=1716810893
Slogan Print T-Shirt,"PKR 1,390",//outfitters.com.pk/cdn/shop/files/F0944106901.jpg?v=1716980474
Textured Knit T-Shirt,"PKR 3,390",//outfitters.com.pk/cdn/shop/files/F1054106111.jpg?v=1714044258
Textured Knit T-Shirt,"PKR 3,390",//outfitters.com.pk/cdn/shop/files/F1054106619_0badb527-07a0-4ca6-b75b-2600c4be0868.jpg?v=1714044258
Activewear Printed T-shirt,"PKR 1,290",//outfitters.com.pk/cdn/shop/files/F0094125706.jpg?v=1714029508
Textured T-Shirt,"PKR 1,690",//outfitters.com.pk/cdn/shop/files/F0933106901_3.jpg?v=1719296920
Locals Only All Over Print Polo,"PKR 2,390",//outfitters.com.pk/cdn/shop/files/F0784106001_4.jpg?v=1709034661
Slogan Print T-shirt,"PKR 1,690",//outfitters.com.pk/cdn/shop/files/F0936106006.jpg?v=1716980326
Slogan Print T-shirt,"PKR 1,690",//outfitters.com.pk/cdn/shop/files/F0936106901.jpg?v=1716980326
Premium Basic Knitted Polo Shirt,"PKR 3,390",//outfitters.com.pk/cdn/shop/files/F0795106002_4.jpg?v=1708405382
Premium Basic Knitted Polo Shirt,"PKR 3,390",//outfitters.com.pk/cdn/shop/files/F0795106904_2.jpg?v=1710151901
Premium Basic Knitted Polo Shirt,"PKR 3,390",//outfitters.com.pk/cdn/shop/files/F0795106619.jpg?v=1710151901
Basic Activewear T-Shirt,"PKR 1,290",//outfitters.com.pk/cdn/shop/files/F0090125623_6.jpg?v=1711342358
Basic Activewear T-Shirt,"PKR 1,290",//outfitters.com.pk/cdn/shop/files/F0090125901.jpg?v=1716803202
Textured Knitted T-Shirt with Contrast Pipping,"PKR 3,090",//outfitters.com.pk/cdn/shop/files/F0825106901.jpg?v=1711951768
Checkered Shirt,"PKR 2,990",//outfitters.com.pk/cdn/shop/files/F0609103909.jpg?v=1715927794
Jurassic Graphic Shorts,"PKR 2,290",//outfitters.com.pk/cdn/shop/files/F0071110117_2_copy.jpg?v=1710222911
Jurassic Graphic Shorts,"PKR 2,290",//outfitters.com.pk/cdn/shop/files/F0071110901_2.jpg?v=1710222911
Knitted Polo Shirt,"PKR 3,390",//outfitters.com.pk/cdn/shop/files/F0868106116.jpg?v=1711952666
Knitted Polo Shirt,"PKR 3,390",//outfitters.com.pk/cdn/shop/files/F0868106901_2_copy.jpg?v=1716802412
Regular Fit Graphic Hooded Sweatshirt,"PKR 1,290",//outfitters.com.pk/cdn/shop/products/F0151107202_4_copy_ff828c4d-ae3a-48c5-9b59-56d83dbdc82c.jpg?v=1672729474
Regular Fit Graphic Hooded Sweatshirt,"PKR 1,290",//outfitters.com.pk/cdn/shop/products/F0151107901_2_80e4de33-cff2-4e01-9099-4f6980a20ba1.jpg?v=1672729474
Crew Neck Printed T-shirt,"PKR 1,390",//outfitters.com.pk/cdn/shop/files/F0715106915M_2.jpg?v=1707201930
Crew Neck Printed T-shirt,"PKR 1,390",//outfitters.com.pk/cdn/shop/files/F0715106001M_4.jpg?v=1707201930
Crew Neck Printed T-shirt,"PKR 1,390",//outfitters.com.pk/cdn/shop/files/F0715106901M_1.jpg?v=1707201930
Skate Boarding Graphic T-Shirt,"PKR 1,890",//outfitters.com.pk/cdn/shop/files/F0732106001_3.jpg?v=1712207557
Basic Oxford Shirt,"PKR 3,090",//outfitters.com.pk/cdn/shop/files/F0467103113M_3.jpg?v=1706611392
Basic Oxford Shirt,"PKR 3,090",//outfitters.com.pk/cdn/shop/files/F0467103901M_3.jpg?v=1706611392
Basic Oxford Shirt,"PKR 3,090",//outfitters.com.pk/cdn/shop/files/F0065110625_lowersM_3_b7c85e01-3627-45bf-8235-ab271b44000c.jpg?v=1706611392
Basic Oxford Shirt,"PKR 3,090",//outfitters.com.pk/cdn/shop/files/F0467103634M_3.jpg?v=1706611392
Knitted Polo With Contrast Details,"PKR 3,390",//outfitters.com.pk/cdn/shop/files/F0864106619.jpg?v=1712294387
Knitted Polo With Contrast Details,"PKR 3,390",//outfitters.com.pk/cdn/shop/files/F0864106001.jpg?v=1716980021
Mesh Tanktop With Logo,"PKR 1,290",//outfitters.com.pk/cdn/shop/files/F0089125901.jpg?v=1714029273
Mesh Tanktop With Logo,"PKR 1,290",//outfitters.com.pk/cdn/shop/files/F0089125623_2_copy.jpg?v=1714029273
Basic Crew Neck T-Shirt With Turn Up Sleeves,"PKR 1,390",//outfitters.com.pk/cdn/shop/files/F0731106709M_3_92ebbc9c-3db1-4042-a8da-e236c10277fe.jpg?v=1715850844
Basic Crew Neck T-Shirt With Turn Up Sleeves,"PKR 1,390",//outfitters.com.pk/cdn/shop/files/F0731106001.jpg?v=1715921936
Cotton Blend Basic Shorts,"PKR 2,290",//outfitters.com.pk/cdn/shop/files/F0067110901_lowersM_3_cd5492d4-c218-47be-857a-985a5618fca0.jpg?v=1715930979
Slogan Print Shorts,"PKR 2,290",//outfitters.com.pk/cdn/shop/files/F0073110705_3_copy.jpg?v=1712310455
Slogan Print Shorts,"PKR 2,290",//outfitters.com.pk/cdn/shop/files/F0073110901_2_copy.jpg?v=1712310455
Premium Knitted Zipper Polo,"PKR 3,390",//outfitters.com.pk/cdn/shop/files/F0799106901M_2.jpg?v=1708594078
Premium Knitted Zipper Polo,"PKR 3,390",//outfitters.com.pk/cdn/shop/files/F0799106706_3_copy.jpg?v=1719483002
Slogan Print Tank T-shirt,"PKR 1,290",//outfitters.com.pk/cdn/shop/files/F0088125604_2.jpg?v=1710223594
Slogan Print Tank T-shirt,"PKR 1,290",//outfitters.com.pk/cdn/shop/files/F0088125001_2.jpg?v=1710223594
Crew Neck Slogan T-Shirt,"PKR 1,390",//outfitters.com.pk/cdn/shop/files/F0719106618M_1.jpg?v=1708320067
Crew Neck Slogan T-Shirt,"PKR 1,390",//outfitters.com.pk/cdn/shop/files/F0719106001_2.jpg?v=1708320067
Basic Jersey Shorts,"PKR 2,290",//outfitters.com.pk/cdn/shop/files/F0068110901_lowersM_4.jpg?v=1715922142
Basic Jersey Shorts,"PKR 2,290",//outfitters.com.pk/cdn/shop/files/F0068110901_lowersM_1_cc109e6e-a486-4162-9ec7-14942866f948.jpg?v=1715862602
Tartan Check Poplin Shirt,"PKR 1,990",//outfitters.com.pk/cdn/shop/files/F0530103306M_1.jpg?v=1708068969
Knitted Polo Shirt,"PKR 3,390",//outfitters.com.pk/cdn/shop/files/F0713106628.jpg?v=1712292520
Knitted Polo Shirt,"PKR 3,390",//outfitters.com.pk/cdn/shop/files/F0713106705.jpg?v=1712292520
Knitted Polo Shirt,"PKR 3,390",//outfitters.com.pk/cdn/shop/files/F0713106901.jpg?v=1712292520
Regular Fit Sleeveless Hooded Sweatshirt,"PKR 1,290",//outfitters.com.pk/cdn/shop/products/F0153107202_2_copy_11f0db81-715d-4a8b-8b11-683f46362a33.jpg?v=1672729533
Graphic Print T-Shirt,"PKR 1,690",//outfitters.com.pk/cdn/shop/files/F0983106901.jpg?v=1716980556
Basic Jogger Trousers,"PKR 2,790",//outfitters.com.pk/cdn/shop/files/DSC3948_8fb452bf-58ba-44b2-b26f-b774bd9e165c.jpg?v=1715851146
Basic Jogger Trousers,"PKR 2,790",//outfitters.com.pk/cdn/shop/files/F0345108901_lowersM_1_ae680afb-0dd8-4030-b467-a01766bbd9db.jpg?v=1715852632
Cotton Checkered Shirt,"PKR 2,090",//outfitters.com.pk/cdn/shop/files/F0532103623.jpg?v=1716966342
Premium Knitted Polo Shirt,"PKR 3,390",//outfitters.com.pk/cdn/shop/files/F0800106901M_5.jpg?v=1708595967
Premium Knitted Polo Shirt,"PKR 3,390",//outfitters.com.pk/cdn/shop/files/F0800106007.jpg?v=1711951698
Basic Crew Neck T-shirt With Turn Up Sleeves,"PKR 1,390",//outfitters.com.pk/cdn/shop/files/F0843106121_4d92c510-3308-4cee-a926-347e135b0b29.jpg?v=1716791297
Basic Crew Neck T-shirt With Turn Up Sleeves,"PKR 1,390",//outfitters.com.pk/cdn/shop/files/F0843106626_ea06425b-6248-46e8-91cc-09da8b8bafec.jpg?v=1716791297
Basic Crew Neck T-shirt With Turn Up Sleeves,"PKR 1,390",//outfitters.com.pk/cdn/shop/files/F0843106901_40058bd7-12ca-4cef-8de7-3713ca0fdd9d.jpg?v=1716811249
Text Graphic T-Shirt,"PKR 1,690",//outfitters.com.pk/cdn/shop/files/F0839106901.jpg?v=1716811197
Cotton Checkered Shirt,"PKR 1,990",//outfitters.com.pk/cdn/shop/files/F0472103220_5496eb72-3ae9-433b-af1c-99e154693ec7.jpg?v=1715851034
Cotton Linen Checekerd Shirt,"PKR 2,490",//outfitters.com.pk/cdn/shop/files/F0526103204.jpg?v=1708404788
Knitted Striped Polo,"PKR 3,290",//outfitters.com.pk/cdn/shop/files/F0860106619_5a4e17cf-3e7a-4bcc-83e8-ca9f5fcf37d8.jpg?v=1716802237
Knitted Striped Polo,"PKR 3,290",//outfitters.com.pk/cdn/shop/files/F0860106007_2.jpg?v=1716802237
Basic Crew Neck T-Shirt,"PKR 1,390",//outfitters.com.pk/cdn/shop/files/F0708106901M_4_d17737f2-d560-4878-911a-f79df1f750eb.jpg?v=1715921471
Basic Crew Neck T-Shirt,"PKR 1,390",//outfitters.com.pk/cdn/shop/files/F0708106002M_1_e1313516-4eb9-4581-a8f9-eb10de7816e4.jpg?v=1715921471
Basic Crew Neck T-Shirt,"PKR 1,390",//outfitters.com.pk/cdn/shop/files/F0708106705M_2_cc89b8dc-0f35-4e0a-b5db-655a170503d2.jpg?v=1715921471
Basic Crew Neck T-Shirt,"PKR 1,390",//outfitters.com.pk/cdn/shop/files/F0708106127M_3_c5efd6e9-8814-4791-92fb-6adc96b4cd8d.jpg?v=1715921471
Textured T-Shirt,"PKR 1,590",//outfitters.com.pk/cdn/shop/files/F0780106001.jpg?v=1711951531
Textured T-Shirt,"PKR 1,590",//outfitters.com.pk/cdn/shop/files/F0780106618.jpg?v=1711951531
Mandarin Collar Basic Shirt,"PKR 1,990",//outfitters.com.pk/cdn/shop/files/F0476103001M_2_5213a1e3-f3f3-43dc-8289-dce9cbe0fd18.jpg?v=1715851023
Contrast Detail Textured Polo,"PKR 2,590",//outfitters.com.pk/cdn/shop/files/F0755106308.jpg?v=1716810962
Contrast Detail Textured Polo,"PKR 2,590",//outfitters.com.pk/cdn/shop/files/F0755106618_2.jpg?v=1716810962
Multi-Piece Pool Slides,"PKR 3,290",//outfitters.com.pk/cdn/shop/files/F0137112901_1.jpg?v=1692698204
Basic Crew Neck T-Shirt,"PKR 1,390",//outfitters.com.pk/cdn/shop/files/F0924106001.jpg?v=1716802824
Basic Crew Neck T-Shirt,"PKR 1,390",//outfitters.com.pk/cdn/shop/files/F0924106901.jpg?v=1716802824
Basic Crew Neck T-Shirt,"PKR 1,390",//outfitters.com.pk/cdn/shop/files/F0924106627.jpg?v=1716811414
Slogan Print T-Shirt,"PKR 1,690",//outfitters.com.pk/cdn/shop/files/F0846106007.jpg?v=1711085707
Slogan Print T-Shirt,"PKR 1,690",//outfitters.com.pk/cdn/shop/files/F0846106907.jpg?v=1716811298
Cotton Linen Checekerd Shirt,"PKR 2,490",//outfitters.com.pk/cdn/shop/files/F0526103007M_3.jpg?v=1719387175
Color Block Running Short,"PKR 1,690",//outfitters.com.pk/cdn/shop/files/F0099125901_2_copy.jpg?v=1711605662
Color Block Running Short,"PKR 1,690",//outfitters.com.pk/cdn/shop/files/F0099125623_3.jpg?v=1714996399
Jacquard Knitted T-shirt,"PKR 3,090",//outfitters.com.pk/cdn/shop/files/F0797106901.jpg?v=1708593842
Jacquard Knitted T-shirt,"PKR 3,090",//outfitters.com.pk/cdn/shop/files/F0797106113.jpg?v=1711951591
Striped Crew Neck T-Shirt,"PKR 1,390",//outfitters.com.pk/cdn/shop/files/F0766106901.jpg?v=1711016986
Striped Crew Neck T-Shirt,"PKR 1,390",//outfitters.com.pk/cdn/shop/files/F0766106999.jpg?v=1711016986
Slogan Print T-shirt,"PKR 1,590",//outfitters.com.pk/cdn/shop/files/F0761106912.jpg?v=1714043835
Slogan Print T-shirt,"PKR 1,590",//outfitters.com.pk/cdn/shop/files/F0761106901.jpg?v=1714043835
Checkered Shirt,"PKR 2,190",//outfitters.com.pk/cdn/shop/files/F0534103121_384b669f-0f59-47cd-b3b6-899f58c375f6.jpg?v=1715851002
Creased Effect Mandarin Collar Shirt,"PKR 2,790",//outfitters.com.pk/cdn/shop/files/F0487103901.jpg?v=1711016551
Creased Effect Mandarin Collar Shirt,"PKR 2,790",//outfitters.com.pk/cdn/shop/files/F0487103706.jpg?v=1711949833
Knitted Striped T-shirt,"PKR 3,090",//outfitters.com.pk/cdn/shop/files/F0793106619M_3.jpg?v=1708593728
Knitted Striped T-shirt,"PKR 3,090",//outfitters.com.pk/cdn/shop/files/F0793106007_2.jpg?v=1708687674
Basic Crew Neck T-Shirt With Turn Up Sleeves,"PKR 1,390",//outfitters.com.pk/cdn/shop/files/F0355108901_lowersM_3_aee0a71c-a16d-41ee-b694-f0db05019c65.jpg?v=1716184165
Textured T-Shirt,"PKR 1,890",//outfitters.com.pk/cdn/shop/files/F0866106112.jpg?v=1711085629
Textured T-Shirt,"PKR 1,890",//outfitters.com.pk/cdn/shop/files/F0866106901.jpg?v=1711085629
Checkered Shirt,"PKR 2,990",//outfitters.com.pk/cdn/shop/files/F0535103817M_1_2fb0e18e-7de9-42e8-be8b-08b22b21c03d.jpg?v=1715850994
Slogan Print T-Shirt,"PKR 1,590",//outfitters.com.pk/cdn/shop/files/F0844106001.jpg?v=1708491894
Slogan Print T-Shirt,"PKR 1,590",//outfitters.com.pk/cdn/shop/files/F0844106901.jpg?v=1708491894
Poplin Shirt with Patch Pockets,"PKR 3,090",//outfitters.com.pk/cdn/shop/files/F0493103901_2.jpg?v=1709096970
Slogan Print T-Shirt,"PKR 1,390",//outfitters.com.pk/cdn/shop/files/F0845106220.jpg?v=1711952111
Slogan Print T-Shirt,"PKR 1,390",//outfitters.com.pk/cdn/shop/files/F0845106901.jpg?v=1711952204
Z-Boys Graphic T-shirt,"PKR 1,690",//outfitters.com.pk/cdn/shop/files/F0733106901.jpg?v=1712207769
Cotton Checkered Shirt,"PKR 2,790",//outfitters.com.pk/cdn/shop/files/F0543103618M_1_4a58647d-b797-448f-8b77-9854ceb5acdb.jpg?v=1715850987
Graphic Trousers,"PKR 2,790",//outfitters.com.pk/cdn/shop/files/F0369108901LOWER.jpg?v=1716809845
Graphic Trousers,"PKR 2,790",//outfitters.com.pk/cdn/shop/files/F0369108113LOWER.jpg?v=1716959539
Cotton Linen Striped  Shirt,"PKR 3,090",//outfitters.com.pk/cdn/shop/files/F0548103634_1.jpg?v=1707198491
Cotton Linen Striped  Shirt,"PKR 3,090",//outfitters.com.pk/cdn/shop/files/F0548103001_3.jpg?v=1708432785
Slogan Print T- Shirt,"PKR 1,390",//outfitters.com.pk/cdn/shop/files/F0781106105.jpg?v=1711085549
Slogan Print T- Shirt,"PKR 1,390",//outfitters.com.pk/cdn/shop/files/F0781106901.jpg?v=1711085549
Cotton Textured T-Shirt,"PKR 1,990",//outfitters.com.pk/cdn/shop/files/F0867106901.jpg?v=1708492097
Mandarin Collar Striped Shirt,"PKR 1,790",//outfitters.com.pk/cdn/shop/files/F0561103314_46fdb0c0-1c2d-452b-9c55-bcab28e9317d.jpg?v=1715850959
Basic Textured Shorts,"PKR 2,290",//outfitters.com.pk/cdn/shop/files/F0079110626_2.jpg?v=1713869798
Basic Textured Shorts,"PKR 2,290",//outfitters.com.pk/cdn/shop/files/F0079110901LOWER.jpg?v=1715838778
Basic Textured Shorts,"PKR 2,290",//outfitters.com.pk/cdn/shop/files/F0079110915LOWER.jpg?v=1719819694
Contrast Stripe Trousers,"PKR 3,090",//outfitters.com.pk/cdn/shop/files/F0366108901LOWER.jpg?v=1716959374
Contrast Stripe Trousers,"PKR 3,090",//outfitters.com.pk/cdn/shop/files/F0366108117_4_copy.jpg?v=1716959374
Basic Crew Neck T-Shirt,"PKR 1,390",//outfitters.com.pk/cdn/shop/files/F0708106509M_3.jpg?v=1706873751
Embroidered Slogan Polo Shirt,"PKR 1,690",//outfitters.com.pk/cdn/shop/files/F0767106206.jpg?v=1711017068
Embroidered Slogan Polo Shirt,"PKR 1,690",//outfitters.com.pk/cdn/shop/files/F0767106618.jpg?v=1711951283
Crew Neck Patch Pocket T-Shirt,"PKR 1,590",//outfitters.com.pk/cdn/shop/files/F0067110117_lowersM_4.jpg?v=1715931090
Color Blocking Shorts,"PKR 2,590",//outfitters.com.pk/cdn/shop/files/F0070110625_2_copy.jpg?v=1712310293
Color Blocking Shorts,"PKR 2,590",//outfitters.com.pk/cdn/shop/files/F0070110904LOWER.jpg?v=1719819491
Cotton Checkered Shirt,"PKR 3,090",//outfitters.com.pk/cdn/shop/files/F0538103001_2_80849007-0a50-4e32-b990-d94d83795e56.jpg?v=1708404891
All-over Printed T-shirt,"PKR 1,390",//outfitters.com.pk/cdn/shop/files/F0730106007.jpg?v=1710929326
All-over Printed T-shirt,"PKR 1,390",//outfitters.com.pk/cdn/shop/files/F0730106999.jpg?v=1714038648
Thinkin Chair Graphic T-Shirt,"PKR 1,890",//outfitters.com.pk/cdn/shop/files/F0720106901M_2_56f6efd1-463b-4d46-8810-7a2a99d1ffb6.jpg?v=1708321840
Metamodern Graphic T-Shirt,"PKR 1,690",//outfitters.com.pk/cdn/shop/files/F0854106007.jpg?v=1716811337
Basic Resort Collar Shirt,"PKR 3,090",//outfitters.com.pk/cdn/shop/files/F0492103618.jpg?v=1708409972
Raglan Sleeve T-Shirt,"PKR 1,390",//outfitters.com.pk/cdn/shop/files/F0095125301.jpg?v=1716803271
Godzilla Graphic T-Shirt,"PKR 1,890",//outfitters.com.pk/cdn/shop/files/F0853106506.jpg?v=1714044105
Crew Neck Raglan Turn Up Sleeve T-Shirt,"PKR 1,690",//outfitters.com.pk/cdn/shop/files/F0727106709M_4_57e9938f-d119-427e-a1dc-eb536696c4c1.jpg?v=1715850865
Crew Neck Raglan Turn Up Sleeve T-Shirt,"PKR 1,690",//outfitters.com.pk/cdn/shop/files/F0727106305M_1_07adebca-dd81-490d-a735-66dfed6a67e4.jpg?v=1715863155
Straight Fit Carpenter Pants,"PKR 2,690",//outfitters.com.pk/cdn/shop/files/F0360108636_2.jpg?v=1705988181
Straight Fit Carpenter Pants,"PKR 2,690",//outfitters.com.pk/cdn/shop/files/F0360108901_lowersM_2.jpg?v=1706617202
Graphic Jogger Trousers,"PKR 3,090",//outfitters.com.pk/cdn/shop/files/F0349108912_lowersM_1.jpg?v=1707480976
Graphic Jogger Trousers,"PKR 3,090",//outfitters.com.pk/cdn/shop/files/F0349108618LOWER.jpg?v=1708406559
Basic Activewear T-Shirt,"PKR 1,390",//outfitters.com.pk/cdn/shop/files/F0096125915.jpg?v=1716803340
Basic Activewear T-Shirt,"PKR 1,390",//outfitters.com.pk/cdn/shop/files/F0096125623Blue_3.jpg?v=1716803340
Cotton Linen Button Down Shirt,"PKR 2,390",//outfitters.com.pk/cdn/shop/files/F0483103901.jpg?v=1711949783
Cotton Linen Button Down Shirt,"PKR 2,390",//outfitters.com.pk/cdn/shop/files/F0483103112_2_copy.jpg?v=1719468790
Straight Fit Non Denim Pants,"PKR 1,990",//outfitters.com.pk/cdn/shop/products/F0153108901_3.jpg?v=1682675324
Mandarin Collar Striped Shirt,"PKR 1,790",//outfitters.com.pk/cdn/shop/files/F0561103114M_2.jpg?v=1716270021
Printed Trouser with cut & sew details,"PKR 3,090",//outfitters.com.pk/cdn/shop/files/F0367108117LOWER.jpg?v=1708407669
Printed Trouser with cut & sew details,"PKR 3,090",//outfitters.com.pk/cdn/shop/files/F0367108901LOWER.jpg?v=1708407669
Edgy Frame Polarized Sunglasses,"PKR 1,390",//outfitters.com.pk/cdn/shop/files/F0024120708_2.jpg?v=1686295958
Statement Graphic T-Shirt,"PKR 1,690",//outfitters.com.pk/cdn/shop/files/F0990106001.jpg?v=1716811681
Color-Block Joggers,"PKR 1,790",//outfitters.com.pk/cdn/shop/files/F0148108998_lowersM_4.jpg?v=1685080146
Polo With Contrast Details,"PKR 2,390",//outfitters.com.pk/cdn/shop/files/F0711106117.jpg?v=1711950283
Polo With Contrast Details,"PKR 2,390",//outfitters.com.pk/cdn/shop/files/F0711106520_2.jpg?v=1711950283
Polo With Contrast Details,"PKR 2,390",//outfitters.com.pk/cdn/shop/files/F0711106618_619205f5-c8f6-477e-acdb-1544d7105899.jpg?v=1711950422
printed loose fit trousers,"PKR 3,090",//outfitters.com.pk/cdn/shop/files/F0400108618LOWER.jpg?v=1708408097
printed loose fit trousers,"PKR 3,090",//outfitters.com.pk/cdn/shop/files/F0400108909LOWER.jpg?v=1708408097
Abstract Geometric Printed Shirt,"PKR 1,490",//outfitters.com.pk/cdn/shop/files/F0379103998M_2.jpg?v=1692941982
Slogan Print T-Shirt,"PKR 1,690",//outfitters.com.pk/cdn/shop/files/F0741106914M_3.jpg?v=1706685439
Locals Only Embroidered Cap,"PKR 1,590",//outfitters.com.pk/cdn/shop/files/F0137115002_2.jpg?v=1715685193
Color Blocking  Shorts,"PKR 2,390",//outfitters.com.pk/cdn/shop/files/F0072110618_2_copy.jpg?v=1711605414
Color Blocking  Shorts,"PKR 2,390",//outfitters.com.pk/cdn/shop/files/F0072110915_3.jpg?v=1719377742
Color Blocking Polo,"PKR 3,090",//outfitters.com.pk/cdn/shop/files/F0857106705_2.jpg?v=1715142795
Statement Graphic T-Shirt,"PKR 1,590",//outfitters.com.pk/cdn/shop/files/F0725106007M_3.jpg?v=1706165102
Statement Graphic T-Shirt,"PKR 1,590",//outfitters.com.pk/cdn/shop/files/F0725106901.jpg?v=1708405051
Slogan Graphic T-shirt,"PKR 1,590",//outfitters.com.pk/cdn/shop/files/F0750106527.jpg?v=1708490372
Loose Fit Shorts,"PKR 2,990",//outfitters.com.pk/cdn/shop/files/F0065110625_lowersM_3.jpg?v=1712048859
Crew Neck Slogan Print T-Shirt,"PKR 1,690",//outfitters.com.pk/cdn/shop/files/F0751106912.jpg?v=1708490415
Checkered Shirt,"PKR 2,990",//outfitters.com.pk/cdn/shop/files/F0535103618_413a98fe-143f-49d1-961a-b8cdeb773792.jpg?v=1708410275
Striped Cotton T-Shirt,"PKR 1,590",//outfitters.com.pk/cdn/shop/files/F0723106001M_2.jpg?v=1708321990
Striped Cotton T-Shirt,"PKR 1,590",//outfitters.com.pk/cdn/shop/files/F0723106901M_2.jpg?v=1708321990
Text Graphic T-Shirt,"PKR 1,690",//outfitters.com.pk/cdn/shop/files/F0778106002.jpg?v=1711082669
Modernism Graphic T-Shirt,"PKR 1,690",//outfitters.com.pk/cdn/shop/files/F0840106901.jpg?v=1712293204
Slogan Graphic T-Shirt,"PKR 1,590",//outfitters.com.pk/cdn/shop/files/F0771106817.jpg?v=1710929895
Slogan Graphic T-Shirt,"PKR 1,590",//outfitters.com.pk/cdn/shop/files/F0771106901.jpg?v=1710929895
Textured T-Shirt with Contrast Pipping,"PKR 1,690",//outfitters.com.pk/cdn/shop/files/F0842106901.jpg?v=1711083498
Textured T-Shirt with Contrast Pipping,"PKR 1,690",//outfitters.com.pk/cdn/shop/files/F0842106001.jpg?v=1711951963
Slogan Raglan T-Shirt,"PKR 1,690",//outfitters.com.pk/cdn/shop/files/F0724106901.jpg?v=1708410722
Cut & Sew With Piping Detail T-Shirt,"PKR 1,890",//outfitters.com.pk/cdn/shop/files/F0764106901.jpg?v=1708490457
Cut & Sew With Piping Detail T-Shirt,"PKR 1,890",//outfitters.com.pk/cdn/shop/files/F0764106002.jpg?v=1708490676
Slogan Graphic T-Shirt,"PKR 1,690",//outfitters.com.pk/cdn/shop/files/F0998106623_2.jpg?v=1714460233
Slogan T-Shirt,"PKR 1,690",//outfitters.com.pk/cdn/shop/files/F0736106002_3.jpg?v=1712207993
Abstract Graphic T-Shirt,"PKR 1,690",//outfitters.com.pk/cdn/shop/files/F0993106001.jpg?v=1716803108
Locals Only Graphic T-Shirt,"PKR 1,890",//outfitters.com.pk/cdn/shop/files/F0737106508_3_2b6b7380-8665-46b6-9453-741a690b47e1.jpg?v=1708489758
Jacquard Button Down Shirt,"PKR 2,590",//outfitters.com.pk/cdn/shop/files/F0486103618M_1.jpg?v=1706164101
Jacquard Button Down Shirt,"PKR 2,590",//outfitters.com.pk/cdn/shop/files/F0486103126M_1.jpg?v=1708068579
Vison Graphic T-Shirt,"PKR 1,590",//outfitters.com.pk/cdn/shop/files/F0748106002M_2.jpg?v=1707910908
Cyber Creativity Graphic T-shirt,"PKR 1,690",//outfitters.com.pk/cdn/shop/files/F0745106901.jpg?v=1708489792
Android Dream Graphic T-Shirt,"PKR 1,690",//outfitters.com.pk/cdn/shop/files/F0740106001M_2.jpg?v=1706767704
Crew Neck Slogan Print T-Shirt,"PKR 1,690",//outfitters.com.pk/cdn/shop/files/F0744106626M_2.jpg?v=1708322318
Crew Neck Slogan Print T-Shirt,"PKR 1,690",//outfitters.com.pk/cdn/shop/files/F0744106901.jpg?v=1708405127
Crew Neck Raglan Turn Up Sleeve T-Shirt,"PKR 1,690",//outfitters.com.pk/cdn/shop/files/F0067110901_lowersM_3_297a37ac-a150-462b-96de-c774f7b3b8aa.jpg?v=1706616094
Timeless Design Graphic T-Shirt,"PKR 1,690",//outfitters.com.pk/cdn/shop/files/F0721106907M_2.jpg?v=1708321899
Crew Neck Patch Pocket T-Shirt,"PKR 1,590",//outfitters.com.pk/cdn/shop/files/F0068110915_lowersM_4_606167d7-ca4d-40a1-af1b-934eb63eb501.jpg?v=1707911094
Roasters Coffee Graphic T-Shirt,"PKR 1,690",//outfitters.com.pk/cdn/shop/files/F0717106912M_2.jpg?v=1708319990
Printed T-Shirt,"PKR 1,690",//outfitters.com.pk/cdn/shop/files/F0848106002.jpg?v=1711085854
Text Graphic T-Shirt,"PKR 1,690",//outfitters.com.pk/cdn/shop/files/F0742106121M_1.jpg?v=1708322282
Playground Graphic T-Shirt,"PKR 1,890",//outfitters.com.pk/cdn/shop/files/F0738106002.jpg?v=1710929426
Heritage Graphic T-Shirt,"PKR 1,690",//outfitters.com.pk/cdn/shop/files/F0743106508M_3.jpg?v=1706767753
Crew Neck Graphic T-shirt,"PKR 1,690",//outfitters.com.pk/cdn/shop/files/F0896106901M_4.jpg?v=1708064975
Mandarin Collar Basic Shirt,"PKR 1,990",//outfitters.com.pk/cdn/shop/files/F0476103636M_3_cd64647b-9edf-451a-9070-5b82402a6a87.jpg?v=1706871943
Mandarin Collar Basic Shirt,"PKR 1,990",//outfitters.com.pk/cdn/shop/files/F0476103636M_3.jpg?v=1706871943
Basic Cotton Mandarin Collar Shirt,"PKR 1,790",//outfitters.com.pk/cdn/shop/files/F0480103114.jpg?v=1708066232
Basic Cotton Mandarin Collar Shirt,"PKR 1,790",//outfitters.com.pk/cdn/shop/files/F0480103634M_1.jpg?v=1708066232
Basic Cotton Mandarin Collar Shirt,"PKR 1,790",//outfitters.com.pk/cdn/shop/files/F0480103901_3_fa0c7d3e-68f5-45cc-9c40-91b5e16d62a6.jpg?v=1715851771
Morning Coffee Graphic T-Shirt,"PKR 1,690",//outfitters.com.pk/cdn/shop/files/F0722106002M_1.jpg?v=1708321945
Resort Collar Shirt In Dobby Stripes,"PKR 2,590",//outfitters.com.pk/cdn/shop/files/F0489103002.jpg?v=1711016671
Polo With Contrast Tipping Details,"PKR 1,790",//outfitters.com.pk/cdn/shop/files/F0785106901.jpg?v=1716811073
Polo With Contrast Tipping Details,"PKR 1,790",//outfitters.com.pk/cdn/shop/files/F0785106613_1.jpg?v=1716811073
Jacquard Resort Collar Shirt,"PKR 2,790",//outfitters.com.pk/cdn/shop/files/F0485103312.jpg?v=1714038010
Jacquard Resort Collar Shirt,"PKR 2,790",//outfitters.com.pk/cdn/shop/files/F0485103112.jpg?v=1715840524
Cotton Linen Striped Resort Collar Shirt,"PKR 2,590",//outfitters.com.pk/cdn/shop/files/F0547103001M_2.jpg?v=1706525565
Cotton Linen Striped Resort Collar Shirt,"PKR 2,590",//outfitters.com.pk/cdn/shop/files/F0547103113M_2.jpg?v=1708318079
Striped Popover Shirt,"PKR 1,990",//outfitters.com.pk/cdn/shop/files/F0481103909_2.jpg?v=1708409913
Striped Popover Shirt,"PKR 1,990",//outfitters.com.pk/cdn/shop/files/F0481103001_3_2594a1b3-233a-42f2-b752-4f9d4c49b6fa.jpg?v=1708409913
Cotton Checkered Shirt,"PKR 1,990",//outfitters.com.pk/cdn/shop/files/F0472103620M_1.jpg?v=1708409840
Textured Striped Resort Collar Shirt,"PKR 2,790",//outfitters.com.pk/cdn/shop/files/F0473103905M_2.jpg?v=1706679586
Printed Viscose Shirt,"PKR 2,390",//outfitters.com.pk/cdn/shop/files/F0508103999.jpg?v=1708410062
Cotton Checkered Shirt,"PKR 1,990",//outfitters.com.pk/cdn/shop/files/F0540103415.jpg?v=1707893996
Vertical striped shirt,"PKR 1,990",//outfitters.com.pk/cdn/shop/files/F0562103634.jpg?v=1711950206
Vertical striped shirt,"PKR 1,990",//outfitters.com.pk/cdn/shop/files/F0562103127_1_2e5ba384-7c26-4da2-8c77-c461bf4cdec6.jpg?v=1715852004
All Over Printed Resort Collar Shirt,"PKR 2,590",//outfitters.com.pk/cdn/shop/files/F0505103999.jpg?v=1712292279
Cotton Blend Checkered Shirt,"PKR 2,190",//outfitters.com.pk/cdn/shop/files/F0525103623.jpg?v=1716810845
Cotton Checkered Shirt,"PKR 1,790",//outfitters.com.pk/cdn/shop/files/F0529103999.jpg?v=1708404834
Checkered Shirt,"PKR 2,190",//outfitters.com.pk/cdn/shop/files/F0534103618M_4.jpg?v=1708410182
Pack of 3 Boxers,"PKR 1,590",//outfitters.com.pk/cdn/shop/files/F0057122998_112341_copy3.jpg?v=1708688094
Loose Relaxed Cotton Pants,"PKR 2,690",//outfitters.com.pk/cdn/shop/files/F0417109999_3.jpg?v=1713347440
Cotton Checkered Shirt,"PKR 2,790",//outfitters.com.pk/cdn/shop/files/F0543103002_4.jpg?v=1708066842
Cotton Checkered Shirt,"PKR 2,790",//outfitters.com.pk/cdn/shop/files/F0542103001M_1.jpg?v=1707199976
Checkered Shirt,"PKR 2,190",//outfitters.com.pk/cdn/shop/files/F0536103618M_1.jpg?v=1706167717
Cotton Linen Shirt,"PKR 1,690",//outfitters.com.pk/cdn/shop/files/F0292103634M_2.jpg?v=1691562620
Pack of 3 Boxers,"PKR 1,590",//outfitters.com.pk/cdn/shop/files/F0056122998_201234_copy3.jpg?v=1708688898
Straight Fit Cotton Pants,"PKR 2,490",//outfitters.com.pk/cdn/shop/files/F0362108618_lowersM_1.jpg?v=1706260524
Straight Fit Cotton Pants,"PKR 2,490",//outfitters.com.pk/cdn/shop/files/F0362108817_lowersM_3.jpg?v=1706260524
Vertical Striped Shirt,"PKR 1,790",//outfitters.com.pk/cdn/shop/files/F0369103006M_2.jpg?v=1688535531
Checkered Shirt,"PKR 1,690",//outfitters.com.pk/cdn/shop/files/F0367103301M_2.jpg?v=1688535445
Checkered Shirt,"PKR 1,690",//outfitters.com.pk/cdn/shop/files/F0331103622M_2.jpg?v=1686727353
Checkered Shirt,"PKR 1,690",//outfitters.com.pk/cdn/shop/products/F0314103705M_1.jpg?v=1679303492
Cotton-Linen Shirt,"PKR 1,990",//outfitters.com.pk/cdn/shop/files/F0370103205M_2.jpg?v=1689156763
Checkered Shirt,"PKR 1,990",//outfitters.com.pk/cdn/shop/files/F0362103220M_1.jpg?v=1686727630
Zipper Polo with Contrast Collar,"PKR 2,790",//outfitters.com.pk/cdn/shop/files/F0752106901_ba0b9eb3-49e2-4cbe-ad93-0c3431a9d654.jpg?v=1711016933
Zipper Polo with Contrast Collar,"PKR 2,790",//outfitters.com.pk/cdn/shop/files/F0752106628.jpg?v=1712292918
Pack of 3 Boxers,"PKR 1,590",//outfitters.com.pk/cdn/shop/files/F0065122998.jpg?v=1710310472
Polo Shirt with Contrast Details,"PKR 1,790",//outfitters.com.pk/cdn/shop/files/F0756106907.jpg?v=1714038748
Polo Shirt with Contrast Details,"PKR 1,790",//outfitters.com.pk/cdn/shop/files/F0756106618.jpg?v=1714038748
Pack of 3 Boxers,"PKR 1,590",//outfitters.com.pk/cdn/shop/files/F0062122998_101234_copy3.jpg?v=1708688821
Cotton Blend Basic Shorts,"PKR 2,290",//outfitters.com.pk/cdn/shop/files/F0067110527_lowersM_3.jpg?v=1706615197
Textured Knit Polo,"PKR 2,390",//outfitters.com.pk/cdn/shop/files/F1053106817_2.jpg?v=1709615258
Textured Knit Polo,"PKR 2,390",//outfitters.com.pk/cdn/shop/files/F1053106901.jpg?v=1711952763
Basic Jogger Trouser,"PKR 2,790",//outfitters.com.pk/cdn/shop/files/F0102125116_3.jpg?v=1715685993
Locals Only Tipped Polo Shirt,"PKR 2,590",//outfitters.com.pk/cdn/shop/files/F0768106301_acf48893-3d82-4a28-a809-4966020de990.jpg?v=1719294897
Locals Only Tipped Polo Shirt,"PKR 2,590",//outfitters.com.pk/cdn/shop/files/F0768106618jpg.jpg?v=1719294897
Pack of 3 Boxers,"PKR 1,590",//outfitters.com.pk/cdn/shop/files/F0064122998.jpg?v=1710310407
Striped Shirt,"PKR 1,690",//outfitters.com.pk/cdn/shop/files/F0372103636M_2.jpg?v=1691573128
rigid slim jeans,"PKR 2,490",//outfitters.com.pk/cdn/shop/files/F0362109903_2.jpg?v=1707462668
Oversize Camo Shirt with Flap Pockets,"PKR 2,090",//outfitters.com.pk/cdn/shop/products/F0249103998_2_246ae47e-1720-4bc1-99ce-26d0558e9f61.jpg?v=1672207134
Slim Fit Trousers,"PKR 2,190",//outfitters.com.pk/cdn/shop/files/F0185108706_lowersM_2.jpg?v=1691129732
Oversized Button Down Shirt,"PKR 2,190",//outfitters.com.pk/cdn/shop/products/F0229103213_4.jpg?v=1668666853
Regular Fit Mono Tone Button Down Shirt,"PKR 1,790",//outfitters.com.pk/cdn/shop/products/F0268103618_2_3551686e-a494-4205-8609-1200e5a75f6a.jpg?v=1671520305
SLIM FIT JEANS,"PKR 2,990",//outfitters.com.pk/cdn/shop/files/F0388109625_2_a05a8dac-ad44-4277-93a1-230eb0283501.jpg?v=1707464270
Regular Fit Checkered Shirt,"PKR 1,690",//outfitters.com.pk/cdn/shop/products/F0266103220_1_e0e55254-393b-435d-ba62-c33b47c6250d.jpg?v=1669699884
Baggy Fit Jeans,"PKR 2,690",//outfitters.com.pk/cdn/shop/files/F0286109625_lowers_4ec97d5e-077f-443f-b144-cc0225395e84.jpg?v=1695378685
Basic Joggers,"PKR 1,590",//outfitters.com.pk/cdn/shop/products/F0137108205_lowrsM_1.jpg?v=1686915278
Basic Jersey Shorts,"PKR 2,290",//outfitters.com.pk/cdn/shop/files/F0068110603_lowersM_2.jpg?v=1706609680
Cotton-Linen Blend Trousers,"PKR 2,490",//outfitters.com.pk/cdn/shop/files/F0183108218_2.jpg?v=1687170416
Adjustable Bucket Hat,"PKR 1,590",//outfitters.com.pk/cdn/shop/files/F0138115901_2.jpg?v=1714977100
Basket Ball Shorts,"PKR 2,190",//outfitters.com.pk/cdn/shop/files/F0100125706_9_copy.jpg?v=1711964313
Basket Ball Shorts,"PKR 2,190",//outfitters.com.pk/cdn/shop/files/F0100125901_3.jpg?v=1715685935
Color Blocking Polo Shirt,"PKR 2,390",//outfitters.com.pk/cdn/shop/files/F0856106205.jpg?v=1716802155
Color Blocking Polo Shirt,"PKR 2,390",//outfitters.com.pk/cdn/shop/files/F0856106720.jpg?v=1716802155
Graphic Shorts,"PKR 1,690",//outfitters.com.pk/cdn/shop/files/F0069110508LOWER.jpg?v=1708406111
Zipper Polo With Contrast Details,"PKR 2,990",//outfitters.com.pk/cdn/shop/files/F0757106636.jpg?v=1710929598
Contrast Polo Shirt,"PKR 2,590",//outfitters.com.pk/cdn/shop/files/F0858106618_00383086-fc68-4764-852a-60c2d6783165.jpg?v=1716979866
Contrast Polo Shirt,"PKR 2,590",//outfitters.com.pk/cdn/shop/files/F0858106301.jpg?v=1716979866
Loose Fit Bermuda Shorts,"PKR 1,790",//outfitters.com.pk/cdn/shop/files/F0054110903_lowersM_3.jpg?v=1693285018
Faded Loose Fit Shorts,"PKR 2,790",//outfitters.com.pk/cdn/shop/files/F0066110903_2_9dcdd0c3-37db-47e6-990c-4bf424c803ed.jpg?v=1707213103
Slim Fit Chino Trousers,"PKR 2,090",//outfitters.com.pk/cdn/shop/products/F0129108116_lowers_1.jpg?v=1669214807
Oversized Hooded Cyber Graphic Sweatshirt,"PKR 1,790",//outfitters.com.pk/cdn/shop/products/F0142107901_2.jpg?v=1672918174
Oversized Cyber Graphic Hooded Sweatshirt,"PKR 1,790",//outfitters.com.pk/cdn/shop/products/F0125107901_1.jpg?v=1672726502
Regular Fit Graphic Hoodie,"PKR 1,790",//outfitters.com.pk/cdn/shop/products/F0126107901_1_750308eb-b280-41b8-9ef3-36203e0a4812.jpg?v=1671183289
Regular Fit Basic Sleeveless Sweater,"PKR 1,590",//outfitters.com.pk/cdn/shop/products/F0055102629_1_594cd03e-8502-4269-9e0b-8f83bfcb86af.jpg?v=1669653248
Regular Graphic Hooded Sweatshirt,"PKR 1,790",//outfitters.com.pk/cdn/shop/products/F0131107901_4.jpg?v=1670561955
Regular Fit Graphic Doodle Sweater,"PKR 1,990",//outfitters.com.pk/cdn/shop/products/F0040102901_2.jpg?v=1671451283
Oversized Doodle Graphic Sweater,"PKR 2,790",//outfitters.com.pk/cdn/shop/products/F0057102901_1.jpg?v=1668666953
Oversized Doodle Graphic Sweater,"PKR 2,790",//outfitters.com.pk/cdn/shop/products/F0057102618_2.jpg?v=1668666953
Regular Fit Trucker with Contrast Detail,"PKR 2,790",//outfitters.com.pk/cdn/shop/products/F0093101618_5.jpg?v=1675142894
Regular Fit Color Block V-Neck Sleeveless Sweater,"PKR 2,090",//outfitters.com.pk/cdn/shop/products/F0038102627_2_8ae32d06-85cb-48e1-9aa7-997721e42508.jpg?v=1670908653
Faux Leather Belt,"PKR 2,090",//outfitters.com.pk/cdn/shop/files/F0137114901_3.jpg?v=1710828442
Faux Leather Belt,"PKR 2,090",//outfitters.com.pk/cdn/shop/files/F0139114901_4.jpg?v=1710828665
Faux Leather Belt,"PKR 2,090",//outfitters.com.pk/cdn/shop/files/F0143114801_3.jpg?v=1710828847
Faux Leather Belt,"PKR 2,090",//outfitters.com.pk/cdn/shop/files/F0144114801_3.jpg?v=1710828926
Faux Leather Belt,"PKR 2,090",//outfitters.com.pk/cdn/shop/files/F0141114901_3.jpg?v=1710828760
Faux Leather Belt,"PKR 2,090",//outfitters.com.pk/cdn/shop/files/F0142114801_4.jpg?v=1710828803
Shiny Black And Red Sunglasses,"PKR 2,590",//outfitters.com.pk/cdn/shop/files/F0054120901_2.jpg?v=1707822373
Faux Leather Belt,"PKR 2,090",//outfitters.com.pk/cdn/shop/files/F0146114801_4.jpg?v=1710829179
Basic tonal sneakers,"PKR 4,690",//outfitters.com.pk/cdn/shop/files/F0172112002_4.jpg?v=1697797250
low top sneakers,"PKR 4,690",//outfitters.com.pk/cdn/shop/files/F0173112901_4.jpg?v=1697781214
low top sneakers,"PKR 4,690",//outfitters.com.pk/cdn/shop/files/F0173112002_4_58493943-dd02-4818-94e5-640bab1e8b68.jpg?v=1698910017
Low Top Sneakers,"PKR 4,690",//outfitters.com.pk/cdn/shop/files/F0171112901_4.jpg?v=1698644322
solid viscose blend shirt,"PKR 1,990",//outfitters.com.pk/cdn/shop/files/F0442103618M_2.jpg?v=1706075309
PERFORATED SNEAKERS,"PKR 4,690",//outfitters.com.pk/cdn/shop/files/F0174112001_3.jpg?v=1698042577
PERFORATED SNEAKERS,"PKR 4,690",//outfitters.com.pk/cdn/shop/files/F0174112999_5.jpg?v=1698661970
Multi-piece sneakers,"PKR 4,690",//outfitters.com.pk/cdn/shop/files/F0176112901_4.jpg?v=1702963776
High-top Sneakers With Contrast Piping,"PKR 4,990",//outfitters.com.pk/cdn/shop/files/F0166112901_1.jpg?v=1701168962
Two toned High-top Sneakers,"PKR 4,990",//outfitters.com.pk/cdn/shop/files/F0165112901_1.jpg?v=1701168760
warhol  Basquiat graphic t-shirt,"PKR 1,190",//outfitters.com.pk/cdn/shop/files/F0818106001M_3.jpg?v=1706166440
High-top Sneakers With Contrast Piping,"PKR 4,990",//outfitters.com.pk/cdn/shop/files/F0166112001_3_2587a09c-4214-4eb9-982b-81c7843d1900.jpg?v=1715851259
Two toned High-top Sneakers,"PKR 4,990",//outfitters.com.pk/cdn/shop/files/F0165112119_4_1d6f4a90-e3af-4615-b14f-b3372a9100ef.jpg?v=1715851264
Slogan Graphic Sweatshirt,"PKR 1,990",//outfitters.com.pk/cdn/shop/files/F0301107220M_2.jpg?v=1696575483
Faux Leather Bomber Jacket,"PKR 5,990",//outfitters.com.pk/cdn/shop/files/F0104101711M_4.jpg?v=1698383844
Faux leather varsity bomber jacket,"PKR 6,990",//outfitters.com.pk/cdn/shop/files/F0111101901_2_bd1db260-a454-4984-9159-3aa47032e3f4.jpg?v=1702963425
Faux leather oversized jacket,"PKR 6,490",//outfitters.com.pk/cdn/shop/files/F0108101901M_1.jpg?v=1698384559
japonism graphic hoodie,"PKR 2,490",//outfitters.com.pk/cdn/shop/files/F0325107901M_2.jpg?v=1700647700
Paradigm Slogan Print sweatshirt,"PKR 1,790",//outfitters.com.pk/cdn/shop/files/F0318107509M_1_913a9409-55fe-429d-9588-528330397b84.jpg?v=1700738462
Zip-up sweater with hood,"PKR 3,590",//outfitters.com.pk/cdn/shop/files/F0078102128M_2.jpg?v=1704881221
Zip-up sweater with hood,"PKR 3,590",//outfitters.com.pk/cdn/shop/files/F0078102901M_1.jpg?v=1704881221
striped denim Jacket,"PKR 4,990",//outfitters.com.pk/cdn/shop/files/F0136101704M_3.jpg?v=1705986751
zip-up bomber jacket,"PKR 5,990",//outfitters.com.pk/cdn/shop/files/F0130101121M_2.jpg?v=1705986532
Faux Leather Biker Jacket,"PKR 6,990",//outfitters.com.pk/cdn/shop/files/F0103101703_1_d7649878-b876-4c96-9b99-4d1786339a23.jpg?v=1701432008
Faux Leather Biker Jacket,"PKR 6,990",//outfitters.com.pk/cdn/shop/files/F0103101901M_1.jpg?v=1700645866
Graphic Print Swestshirt,"PKR 1,790",//outfitters.com.pk/cdn/shop/files/F0280107901M_2.jpg?v=1695015019
chunky knitted gloves,PKR 990,//outfitters.com.pk/cdn/shop/files/F0022116816_2.jpg?v=1698661423
chunky knitted gloves,PKR 990,//outfitters.com.pk/cdn/shop/files/F0022116901_3.jpg?v=1698661423
Standard Straight Fit Jeans,"PKR 2,490",//outfitters.com.pk/cdn/shop/files/F0285109903_lowersM_1.jpg?v=1694066056
Standard Straight Fit Jeans,"PKR 2,490",//outfitters.com.pk/cdn/shop/files/F0300109625_lowersM.jpg?v=1701410736
Straight Fit Jeans,"PKR 2,490",//outfitters.com.pk/cdn/shop/files/F0308109622_lowersM_2_b608fbf7-b320-43af-b2d4-a337e3a4703f.jpg?v=1701232354
Loose Relaxed Fit Jeans,"PKR 2,490",//outfitters.com.pk/cdn/shop/files/DSC02230.jpg?v=1697796878
Ribbed sleeveless sweater,"PKR 2,490",//outfitters.com.pk/cdn/shop/files/F0075102901M_2.jpg?v=1698383333
Ribbed sleeveless sweater,"PKR 2,490",//outfitters.com.pk/cdn/shop/files/F0075102006M_2.jpg?v=1705646553
Short Sleeve Textured Shirt,"PKR 2,490",//outfitters.com.pk/cdn/shop/files/F0792106909M_1.jpg?v=1706168049
Skinny Fit Jeans,"PKR 2,590",//outfitters.com.pk/cdn/shop/files/F0282109903_lowersM_2.jpg?v=1694589568
Faux suede varsity bomber jacket,"PKR 6,490",//outfitters.com.pk/cdn/shop/files/F0119101619M_2.jpg?v=1703849961
Hooded Check Shacket With Knit Sleeves,"PKR 3,190",//outfitters.com.pk/cdn/shop/files/F0409103901M_1.jpg?v=1696576437
Cotton Button-Down Shirt,"PKR 1,990",//outfitters.com.pk/cdn/shop/files/F0356103909M_2.jpg?v=1694069771
Check Shacket with contrast Hood,"PKR 2,690",//outfitters.com.pk/cdn/shop/files/F0414103801M_2.jpg?v=1700648024
Carrot Fit Jeans,"PKR 2,490",//outfitters.com.pk/cdn/shop/files/F0302109903_lowersM_3.jpg?v=1694071498
Skinny Fit Jeans,"PKR 2,490",//outfitters.com.pk/cdn/shop/files/F0289109620_lowersM_3.jpg?v=1694067689
Hooded Check Shacket,"PKR 3,490",//outfitters.com.pk/cdn/shop/files/F0410103606_2.jpg?v=1698124758
wool blend blazer,"PKR 6,490",//outfitters.com.pk/cdn/shop/files/F0153101917M_3.jpg?v=1703593639
color-contrast denim Jacket,"PKR 6,490",//outfitters.com.pk/cdn/shop/files/F0138101117M_2.jpg?v=1705986811
Track jacket with side stripes,"PKR 2,990",//outfitters.com.pk/cdn/shop/files/F0419107901_2.jpg?v=1704456403
Moto-racing faux leather jacket,"PKR 6,990",//outfitters.com.pk/cdn/shop/files/F0114101301_3_e9b504bd-6ae2-4dee-8176-30234d5c32c1.jpg?v=1701431962
Retro Pattern Sweater,"PKR 3,490",//outfitters.com.pk/cdn/shop/files/F0094102205M_3_e1230a83-71d4-47f8-a5a4-380b67f87f88.jpg?v=1701410516
basic ribbed sweater,"PKR 2,990",//outfitters.com.pk/cdn/shop/files/F0074102901M_5.jpg?v=1701408776
Crew neck sweater with stitch details,"PKR 3,490",//outfitters.com.pk/cdn/shop/files/F0087102901M_2.jpg?v=1702467616
wool blend blazer,"PKR 6,490",//outfitters.com.pk/cdn/shop/files/F0152101618_2_34b5233e-4318-40d0-ac9b-43d682024f1d.jpg?v=1703583057
solid mock neck sweater,"PKR 3,190",//outfitters.com.pk/cdn/shop/files/F0080102803M_2.jpg?v=1705646637
solid mock neck sweater,"PKR 3,190",//outfitters.com.pk/cdn/shop/files/F0080102903M_2.jpg?v=1705646637
basic solid sweater,"PKR 3,190",//outfitters.com.pk/cdn/shop/files/F0106102901_1.jpg?v=1701752830
basic solid sweater,"PKR 3,190",//outfitters.com.pk/cdn/shop/files/F0106102815M_3.jpg?v=1703849273
solid zipper hoodie,"PKR 2,490",//outfitters.com.pk/cdn/shop/files/F0278107505M_2.jpg?v=1701232289
unite graphic sweatshirt,"PKR 2,490",//outfitters.com.pk/cdn/shop/files/F0321107901M_4.jpg?v=1705987898
Oversized Denim Shacket,"PKR 2,990",//outfitters.com.pk/cdn/shop/files/F0416103625_3_3441f681-d07d-4f0c-afaa-74676a37dcab.jpg?v=1695378833
Legend Varsity Sweater,"PKR 3,190",//outfitters.com.pk/cdn/shop/files/F0086102618M_2.jpg?v=1700629006
Solid Cotton-Blend Hoodie,"PKR 1,890",//outfitters.com.pk/cdn/shop/files/F0276107625M_2.jpg?v=1694589482
Solid Cotton-Blend Hoodie,"PKR 1,890",//outfitters.com.pk/cdn/shop/files/F0276107204M_2.jpg?v=1695104510
Round Neck Sweatshirt,"PKR 1,690",//outfitters.com.pk/cdn/shop/files/F0284107901M_2.jpg?v=1696574366
Basic Pull-Over Sweatshirt,"PKR 1,590",//outfitters.com.pk/cdn/shop/files/F0281107213M_2.jpg?v=1695377971
Basic Pull-Over Sweatshirt,"PKR 1,590",//outfitters.com.pk/cdn/shop/files/F0281107901M_2.jpg?v=1695377971
Tribal Print Sweatshirt,"PKR 1,990",//outfitters.com.pk/cdn/shop/files/DSC01881.jpg?v=1697797582
Empower print sweatshirt,"PKR 1,990",//outfitters.com.pk/cdn/shop/files/F0304107901M_3.jpg?v=1696940679
Conquer Embroidered Sweatshirt,"PKR 1,990",//outfitters.com.pk/cdn/shop/files/F0310107901M_4.jpg?v=1698386889
Mock neck sweatshirt,"PKR 1,690",//outfitters.com.pk/cdn/shop/files/F0299107901_2_12abd4ee-5290-4c07-99ff-1b0eef72f80c.jpg?v=1703052732
Slogan Graphic Sweatshirt,"PKR 1,990",//outfitters.com.pk/cdn/shop/files/F0293107637M_2.jpg?v=1698386173
Slogan Graphic Sweatshirt,"PKR 1,990",//outfitters.com.pk/cdn/shop/files/F0293107901M_2.jpg?v=1698386173
japonism graphic sweatshirt,"PKR 1,990",//outfitters.com.pk/cdn/shop/files/F0314107311M_2.jpg?v=1702446902
contrast-vibes sweatshirt,"PKR 1,990",//outfitters.com.pk/cdn/shop/files/F0291107711M_2.jpg?v=1703052410
contrast-vibes sweatshirt,"PKR 1,990",//outfitters.com.pk/cdn/shop/files/F0291107901M_2.jpg?v=1703052410
Sweatshirt,"PKR 2,090",//outfitters.com.pk/cdn/shop/files/F0427107904M_2.jpg?v=1703143795
japonism graphic sweatshirt,"PKR 2,190",//outfitters.com.pk/cdn/shop/files/F0327107007M_2.jpg?v=1703055190
stripe collar sweatshirt,"PKR 2,190",//outfitters.com.pk/cdn/shop/files/F0288107901M_2.jpg?v=1705987728
slogan print sweatshirt,"PKR 2,990",//outfitters.com.pk/cdn/shop/files/F0322107903M_2.jpg?v=1705987955
Slogan Print sweatshirt,"PKR 1,990",//outfitters.com.pk/cdn/shop/files/F0300107901M_4.jpg?v=1703224555
Concrete Canvas Denim Trucker,"PKR 4,490",//outfitters.com.pk/cdn/shop/files/F0113101903M_2_75e1d755-21ae-4f4a-b6fa-58c75eeeebf6.jpg?v=1700646292
Faux leather jacket with zip,"PKR 5,990",//outfitters.com.pk/cdn/shop/files/F0107101624M_2.jpg?v=1698384276
Vandal Denim Trucker Jacket,"PKR 4,490",//outfitters.com.pk/cdn/shop/files/F0143101628_4_168bbac2-989a-46d8-ab11-cc93c270f930.jpg?v=1695377850
Faux Shearling Denim Jacket,"PKR 4,190",//outfitters.com.pk/cdn/shop/files/F0141101903_1.jpg?v=1695382493
Faux Shearling Denim Jacket,"PKR 4,190",//outfitters.com.pk/cdn/shop/files/F0141101625M_2.jpg?v=1697628184
Denim Jacket,"PKR 3,990",//outfitters.com.pk/cdn/shop/files/F0139101625M_2.jpg?v=1700135025
Denim Jacket,"PKR 3,990",//outfitters.com.pk/cdn/shop/files/F0139101901M_2.jpg?v=1700135025
Faux leather biker jacket,"PKR 6,990",//outfitters.com.pk/cdn/shop/files/F0102101802_2.jpg?v=1695799328
Faux leather biker jacket,"PKR 6,990",//outfitters.com.pk/cdn/shop/files/F0102101901M_2.jpg?v=1698383640
Denim varsity Jacket,"PKR 5,490",//outfitters.com.pk/cdn/shop/files/F0144101625M_1.jpg?v=1704084249
waffle knit sweater with pocket detail,"PKR 3,190",//outfitters.com.pk/cdn/shop/files/F0081102901M_2.jpg?v=1703846796
waffle knit sweater with pocket detail,"PKR 3,190",//outfitters.com.pk/cdn/shop/files/F0081102006M_2.jpg?v=1705647066
faux leather jacket,"PKR 5,990",//outfitters.com.pk/cdn/shop/files/F0109101801_2_1.jpg?v=1699006474
faux leather jacket,"PKR 5,990",//outfitters.com.pk/cdn/shop/files/F0109101901M_2.jpg?v=1700131070
Concrete Canvas Graphic Sweatshirt,"PKR 2,190",//outfitters.com.pk/cdn/shop/files/F0287107505M_2.jpg?v=1695013893
Concrete Canvas Graphic Sweatshirt,"PKR 2,190",//outfitters.com.pk/cdn/shop/files/F0287107901M_3_02efa9cb-4837-4583-9bc7-fa01800adf01.jpg?v=1696245829
Denim chore jacket,"PKR 3,490",//outfitters.com.pk/cdn/shop/files/F0145101618M_3.jpg?v=1701232188
faux suede biker jacket,"PKR 6,490",//outfitters.com.pk/cdn/shop/files/F0115101802M_2.jpg?v=1696940431
faux suede biker jacket,"PKR 6,490",//outfitters.com.pk/cdn/shop/files/F0115101619M_2.jpg?v=1700131195
Faux leather biker jacket,"PKR 6,990",//outfitters.com.pk/cdn/shop/files/F0110101901M_3.jpg?v=1700646161
Peace sign printed hoodie,"PKR 2,690",//outfitters.com.pk/cdn/shop/files/F0307107524M_4.jpg?v=1696940763
Faux leather varsity bomber jacket,"PKR 6,990",//outfitters.com.pk/cdn/shop/files/F0112101711M_3.jpg?v=1700630593
Quilted Gilet With Contrast Details,"PKR 4,190",//outfitters.com.pk/cdn/shop/files/F0134101007_8290dc65-652c-45a2-9ef7-5aca79b05811.jpg?v=1702963685
Quilted Gilet With Contrast Details,"PKR 4,190",//outfitters.com.pk/cdn/shop/files/F0134101619_3.jpg?v=1702963685
Headphones Jacquard Knit Sweater,"PKR 3,190",//outfitters.com.pk/cdn/shop/files/F0090102321M_5.jpg?v=1699272841
Headphones Jacquard Knit Sweater,"PKR 3,190",//outfitters.com.pk/cdn/shop/files/F0090102901M_2.jpg?v=1700645718
ripped sweatshirt,"PKR 2,190",//outfitters.com.pk/cdn/shop/files/F0297107903_2.jpg?v=1705666740
ripped sweatshirt,"PKR 2,190",//outfitters.com.pk/cdn/shop/files/F0297107901_1.jpg?v=1705666740
ACTIVEWEAR hoodie,"PKR 2,190",//outfitters.com.pk/cdn/shop/files/F0080125725_2.jpg?v=1701926668
Sweatshirt With Mock Neck Zip,"PKR 1,990",//outfitters.com.pk/cdn/shop/files/F0282107905M_1.jpg?v=1695016361
Sweatshirt With Mock Neck Zip,"PKR 1,990",//outfitters.com.pk/cdn/shop/files/F0282107311_3.jpg?v=1695016361
Good Vibes Hooded Sweatshirt,"PKR 1,490",//outfitters.com.pk/cdn/shop/files/F0298107505M_1.jpg?v=1698386391
chain blazer,"PKR 6,490",//outfitters.com.pk/cdn/shop/files/F0150101901M_5.jpg?v=1706765552
textured Button down shirt,"PKR 2,090",//outfitters.com.pk/cdn/shop/files/F0812106901_1.jpg?v=1704717034
Retro track jacket,"PKR 2,990",//outfitters.com.pk/cdn/shop/files/F0426107618_2.jpg?v=1704456553
Retro track jacket,"PKR 2,990",//outfitters.com.pk/cdn/shop/files/F0426107904_1.jpg?v=1704456553
Pique Sports Polo Shirt,"PKR 1,690",//outfitters.com.pk/cdn/shop/files/F0823106001M_3.jpg?v=1708325489
Pique Sports Polo Shirt,"PKR 1,690",//outfitters.com.pk/cdn/shop/files/F0823106901_2_2c7d006b-e6c0-48f1-bdaa-2a3c1d1685c7.jpg?v=1708491810
Heavy cotton check shirt,"PKR 1,790",//outfitters.com.pk/cdn/shop/files/F0533103301M_3.jpg?v=1706164900
Contrast side-stripe trousers,"PKR 3,090",//outfitters.com.pk/cdn/shop/files/F0336108901_3.jpg?v=1703651680
Smart formal Pants,"PKR 3,490",//outfitters.com.pk/cdn/shop/files/F0334108901_3.jpg?v=1703651423
color block sports jacket,"PKR 6,490",//outfitters.com.pk/cdn/shop/files/F0149101623M_4.jpg?v=1705986882
solid t-shirt with pipping detail,"PKR 1,590",//outfitters.com.pk/cdn/shop/files/F0809106901M_1.jpg?v=1708325318
solid t-shirt with pipping detail,"PKR 1,590",//outfitters.com.pk/cdn/shop/files/F0809106006M_2.jpg?v=1708325318
basic button down shirt,"PKR 2,090",//outfitters.com.pk/cdn/shop/files/F0566103618M_1.jpg?v=1706167899
striped t-shirt,"PKR 1,990",//outfitters.com.pk/cdn/shop/files/F0811106220_1.jpg?v=1703149616
Basic Cotton Shirt,"PKR 2,990",//outfitters.com.pk/cdn/shop/files/F0405103901M_2.jpg?v=1705990102
Solid Button down shirt,"PKR 1,790",//outfitters.com.pk/cdn/shop/files/F0491103817M_3.jpg?v=1708068642
Solid Button down shirt,"PKR 1,790",//outfitters.com.pk/cdn/shop/files/F0491103901M_2.jpg?v=1708068642
checkered shirt,"PKR 2,190",//outfitters.com.pk/cdn/shop/files/F0439103618M_1.jpg?v=1706075116
color-contrast overshirt,"PKR 3,490",//outfitters.com.pk/cdn/shop/files/F0415103117_2.jpg?v=1702884142
striped t-shirt,"PKR 1,290",//outfitters.com.pk/cdn/shop/files/F0814106006M_3.jpg?v=1706166901
color block active trouser,"PKR 2,190",//outfitters.com.pk/cdn/shop/files/F0082125618_2.jpg?v=1702539487
Crew Neck Ottoman T-Shirt,"PKR 1,290",//outfitters.com.pk/cdn/shop/files/F0714106113M_2.jpg?v=1706271056
Crew Neck Ottoman T-Shirt,"PKR 1,290",//outfitters.com.pk/cdn/shop/files/F0714106909M_2.jpg?v=1706271056
Crew Neck Ottoman T-Shirt,"PKR 1,290",//outfitters.com.pk/cdn/shop/files/F0714106423M_2.jpg?v=1706271056
Crew Neck Ottoman T-Shirt,"PKR 1,290",//outfitters.com.pk/cdn/shop/files/F0714106901M_1.jpg?v=1708587450
embroidered slogan t-shirt,"PKR 1,290",//outfitters.com.pk/cdn/shop/files/F0817106628M_2.jpg?v=1706166749
embroidered slogan t-shirt,"PKR 1,290",//outfitters.com.pk/cdn/shop/files/F0817106901M_1.jpg?v=1706166749
side striped jogger trouser with slit,"PKR 3,090",//outfitters.com.pk/cdn/shop/files/F0323108901LOWER.jpg?v=1708062493
side striped jogger trouser with slit,"PKR 3,090",//outfitters.com.pk/cdn/shop/files/F0323108706LOWER.jpg?v=1717499981
side striped jogger trouser with slit,"PKR 3,090",//outfitters.com.pk/cdn/shop/files/F0323108620LOWER.jpg?v=1717499981
Slim Fit Jeans,"PKR 2,690",//outfitters.com.pk/cdn/shop/files/F0296109903_2.jpg?v=1702357362
Textured slogan polo shirt,"PKR 2,190",//outfitters.com.pk/cdn/shop/files/F0789106901_3.jpg?v=1701926795
Textured slogan polo shirt,"PKR 2,190",//outfitters.com.pk/cdn/shop/files/F0789106624M_3.jpg?v=1706167988
abstract button down shirt,"PKR 1,990",//outfitters.com.pk/cdn/shop/files/F0419103999M_1.jpg?v=1706001682
Viscose blend shirt,"PKR 2,490",//outfitters.com.pk/cdn/shop/files/F0402103001M_1.jpg?v=1705989968
Viscose blend shirt,"PKR 2,490",//outfitters.com.pk/cdn/shop/files/F0402103630_2.jpg?v=1705989968
Viscose blend shirt,"PKR 2,490",//outfitters.com.pk/cdn/shop/files/F0402103901_2.jpg?v=1705989968
Faux leather ankle-high boots,"PKR 6,490",//outfitters.com.pk/cdn/shop/files/F0193112901_4.jpg?v=1701772552
striped button down shirt,"PKR 1,990",//outfitters.com.pk/cdn/shop/files/F0560103002M_3.jpg?v=1704190019
Ascend Graphic Mock-neck Sweatshirt,"PKR 2,690",//outfitters.com.pk/cdn/shop/files/F0292107618M_2.jpg?v=1705987806
Ascend Graphic Mock-neck Sweatshirt,"PKR 2,690",//outfitters.com.pk/cdn/shop/files/F0292107915M_2.jpg?v=1705987806
checkered shirt,"PKR 1,990",//outfitters.com.pk/cdn/shop/files/F0558103007M_1.jpg?v=1706167840
ACTIVEWEAR graphic trouser,"PKR 2,690",//outfitters.com.pk/cdn/shop/files/F0083125706_lowersM_2.jpg?v=1704881779
ACTIVEWEAR graphic trouser,"PKR 2,690",//outfitters.com.pk/cdn/shop/files/F0083125901LOWER.jpg?v=1708406202
High-top Sneakers With Zip Detail,"PKR 4,990",//outfitters.com.pk/cdn/shop/files/F0167112901_3.jpg?v=1701169048
checkered shirt,"PKR 2,190",//outfitters.com.pk/cdn/shop/files/F0430103604M_2.jpg?v=1708068313
checkered shirt,"PKR 2,190",//outfitters.com.pk/cdn/shop/files/F0430103801M_2.jpg?v=1708068313
good vibes,"PKR 3,490",//outfitters.com.pk/cdn/shop/files/F0051124815_4.jpg?v=1698406169
Contrast side-stripe trousers,"PKR 2,190",//outfitters.com.pk/cdn/shop/files/F0335108901_3.jpg?v=1701082144
Active Movement Joggers,"PKR 2,190",//outfitters.com.pk/cdn/shop/files/F0342108618_3.jpg?v=1701082080
checkered heavy cotton shirt,"PKR 2,490",//outfitters.com.pk/cdn/shop/files/F0429103606M_2.jpg?v=1703224937
striped t-shirt,"PKR 1,090",//outfitters.com.pk/cdn/shop/files/F0671106003M_1.jpg?v=1704104625
striped t-shirt,"PKR 1,090",//outfitters.com.pk/cdn/shop/files/F0671106220M_4.jpg?v=1704104625
basic belt,"PKR 1,590",//outfitters.com.pk/cdn/shop/files/F0109114901_2.jpg?v=1700823289
basic belt,"PKR 1,490",//outfitters.com.pk/cdn/shop/files/F0107114901_2.jpg?v=1700713948
basic belt,"PKR 1,490",//outfitters.com.pk/cdn/shop/files/F0107114801_3.jpg?v=1703139333
Texture Faux Leather Belt With Buckle,"PKR 1,490",//outfitters.com.pk/cdn/shop/files/F0133114901_3.jpg?v=1700713428
Low Top Sneakers,"PKR 4,690",//outfitters.com.pk/cdn/shop/files/F0175112007_4.jpg?v=1698661752
Animal print long shirt,"PKR 1,790",//outfitters.com.pk/cdn/shop/files/F0440103999M_3.jpg?v=1706075159
heavy cotton check shirt,"PKR 1,990",//outfitters.com.pk/cdn/shop/files/F0433103901M_3.jpg?v=1702447415
Heavy cotton check shirt,"PKR 1,990",//outfitters.com.pk/cdn/shop/files/F0431103618M_2.jpg?v=1703594338
Heavy cotton check shirt,"PKR 1,990",//outfitters.com.pk/cdn/shop/files/F0431103706M_3.jpg?v=1706001878
BASIC RIB SWEATER,"PKR 3,190",//outfitters.com.pk/cdn/shop/files/F0073102801_2.jpg?v=1700196580
BASIC RIB SWEATER,"PKR 3,190",//outfitters.com.pk/cdn/shop/files/F0073102901M_2.jpg?v=1703228156
Solid Button Down Shirt,"PKR 1,990",//outfitters.com.pk/cdn/shop/files/F0441103901_2_a6753a3b-bd38-44f4-ad1e-a4d79511012b.jpg?v=1708404651
ACTIVEWEAR mock neck t-shirt,"PKR 1,990",//outfitters.com.pk/cdn/shop/files/F0077125414_2_13120d79-738d-4ec0-bbf4-b31952cf6c82.jpg?v=1715857607
Heavy cotton check shirt,"PKR 1,990",//outfitters.com.pk/cdn/shop/files/F0432103301M_1.jpg?v=1703143952
Heavy cotton check shirt,"PKR 1,990",//outfitters.com.pk/cdn/shop/files/F0432103806M_2.jpg?v=1703143952
japonism graphic sweatshirt,"PKR 1,990",//outfitters.com.pk/cdn/shop/files/F0315107901M_2.jpg?v=1704436427
Plain  knit Jogger TROUSER,"PKR 1,790",//outfitters.com.pk/cdn/shop/files/F0337108705_1.jpg?v=1699351260
Printed Jogger TROUSER,"PKR 1,990",//outfitters.com.pk/cdn/shop/files/F0322108801_2.jpg?v=1703158503
Printed Jogger TROUSER,"PKR 1,790",//outfitters.com.pk/cdn/shop/files/F0328108801_lowersM_4.jpg?v=1703055355
Printed jogger trousers,"PKR 1,990",//outfitters.com.pk/cdn/shop/files/F0318108706_lowersM_2.jpg?v=1700647518
checkered shirt,"PKR 1,990",//outfitters.com.pk/cdn/shop/files/F0437103301M_2.jpg?v=1704437539
checkered shirt,"PKR 1,990",//outfitters.com.pk/cdn/shop/files/F0437103302M_4.jpg?v=1704437539
basic button down shirt,"PKR 1,690",//outfitters.com.pk/cdn/shop/files/F0436103901M_2.jpg?v=1704090331
basic button down shirt,"PKR 1,690",//outfitters.com.pk/cdn/shop/files/F0436103203M_2.jpg?v=1706168580
button down shirt with hood,"PKR 3,190",//outfitters.com.pk/cdn/shop/files/F0413103001_3.jpg?v=1699009467
dominance graphic hoodie,"PKR 2,690",//outfitters.com.pk/cdn/shop/files/F0323107911M_4.jpg?v=1702447110
dominance graphic hoodie,"PKR 2,690",//outfitters.com.pk/cdn/shop/files/F0323107618M_3.jpg?v=1703054333
basic button down shirt,"PKR 1,690",//outfitters.com.pk/cdn/shop/files/F0427103003M_1.jpg?v=1705293581
Dragon Ball Z Graphic Sweatshirt,"PKR 1,990",//outfitters.com.pk/cdn/shop/files/F0326107901M_3.jpg?v=1703158617
Dragon Ball Z Graphic Sweatshirt,"PKR 1,990",//outfitters.com.pk/cdn/shop/files/F0326107007M_2.jpg?v=1704090038
broad striped sweater,"PKR 3,190",//outfitters.com.pk/cdn/shop/files/F0085102220M_1.jpg?v=1702467482
basic chino pants,"PKR 2,490",//outfitters.com.pk/cdn/shop/files/F0326108804_lowersM_1.jpg?v=1703593917
basic chino pants,"PKR 2,490",//outfitters.com.pk/cdn/shop/files/F0326108618_lowersM_3.jpg?v=1706765917
basic chino pants,"PKR 2,490",//outfitters.com.pk/cdn/shop/files/F0326108120_lowersM_1.jpg?v=1706765917
checkered shirt,"PKR 1,990",//outfitters.com.pk/cdn/shop/files/F0420103618M_2.jpg?v=1700648155
Authentic Patterned Sweater,"PKR 3,690",//outfitters.com.pk/cdn/shop/files/F0095102901M_1.jpg?v=1698227301
japonism graphic sweatshirt,"PKR 1,790",//outfitters.com.pk/cdn/shop/files/F0328107901M_2.jpg?v=1700647773
Basic Solid Sweatshirt,"PKR 1,790",//outfitters.com.pk/cdn/shop/files/F0312107901_1.jpg?v=1701232422
slogan graphic sweatshirt,"PKR 1,990",//outfitters.com.pk/cdn/shop/files/F0317107618M_2.jpg?v=1700647302
slogan graphic sweatshirt,"PKR 1,990",//outfitters.com.pk/cdn/shop/files/F0317107801M_1.jpg?v=1700647302
basic solid button down shirt,"PKR 2,690",//outfitters.com.pk/cdn/shop/files/F0434103901_1.jpg?v=1698131888
basic solid button down shirt,"PKR 2,690",//outfitters.com.pk/cdn/shop/files/F0434103801_1.jpg?v=1698642601
Faux suede varsity open jacket,"PKR 6,490",//outfitters.com.pk/cdn/shop/files/F0120101901M_2.jpg?v=1700134544
Faux suede varsity open jacket,"PKR 6,490",//outfitters.com.pk/cdn/shop/files/F0120101808M_2.jpg?v=1705986169
vertical striped shirt,"PKR 1,990",//outfitters.com.pk/cdn/shop/files/F0424103901M_2.jpg?v=1701232615
vertical striped shirt,"PKR 1,990",//outfitters.com.pk/cdn/shop/files/F0424103619M_1.jpg?v=1704888392
checkered shirt,"PKR 2,090",//outfitters.com.pk/cdn/shop/files/F0428103901M_3.jpg?v=1700648215
checkered shirt,"PKR 2,090",//outfitters.com.pk/cdn/shop/files/F0428103007M_2.jpg?v=1700648215
Striped Jacquard Sweater,"PKR 2,490",//outfitters.com.pk/cdn/shop/files/F0099102801M_2.jpg?v=1701231865
Striped Jacquard Sweater,"PKR 2,490",//outfitters.com.pk/cdn/shop/files/F0099102901M_1.jpg?v=1701231865
Raglan Varsity Sweater,"PKR 3,190",//outfitters.com.pk/cdn/shop/files/F0082102205M_2.jpg?v=1699272524
Cotton-Blend Chinos,"PKR 2,490",//outfitters.com.pk/cdn/shop/files/F0315108117_2.jpg?v=1697797172
slim fit jeans,"PKR 4,190",//outfitters.com.pk/cdn/shop/files/F0280109622_2_bc278563-9e57-49ef-b631-3fec8943c911.jpg?v=1707221088
Basic Button down shirt,"PKR 1,990",//outfitters.com.pk/cdn/shop/files/F0443103901M_2.jpg?v=1700133731
Checkered shirt,"PKR 1,990",//outfitters.com.pk/cdn/shop/files/F0422103301M_3.jpg?v=1700632368
Checkered shirt,"PKR 1,990",//outfitters.com.pk/cdn/shop/files/F0422103806M_2.jpg?v=1700632368
Vertical striped shirt,"PKR 1,990",//outfitters.com.pk/cdn/shop/files/F0418103901M_2.jpg?v=1699425195
Vertical striped shirt,"PKR 1,990",//outfitters.com.pk/cdn/shop/files/F0418103204M_1.jpg?v=1700632267
retro graphic hoodie,"PKR 2,690",//outfitters.com.pk/cdn/shop/files/F0309107901_3.jpg?v=1698124848
retro graphic hoodie,"PKR 2,690",//outfitters.com.pk/cdn/shop/files/F0309107915_1.jpg?v=1698124848
Solid Cotton Shirt,"PKR 2,190",//outfitters.com.pk/cdn/shop/files/F0426103901M_1.jpg?v=1700133553
Slim fit jeans,"PKR 2,990",//outfitters.com.pk/cdn/shop/files/F0315109625_1.jpg?v=1696917812
Rigid Slim Fit Jeans,"PKR 2,490",//outfitters.com.pk/cdn/shop/files/F0297109903_lowersM_2.jpg?v=1696575024
Power Denim Trucker Jacket,"PKR 4,690",//outfitters.com.pk/cdn/shop/files/F0142101625M_2_9d23a6ed-c615-4b92-82ca-c0bd29e7af1b.jpg?v=1700135143
Check Shirt,"PKR 1,990",//outfitters.com.pk/cdn/shop/files/F0417103621M_1.jpg?v=1698387814
Worldwide Graphic Sweatshirt,"PKR 2,090",//outfitters.com.pk/cdn/shop/files/F0303107623M_2.jpg?v=1696940585
Worldwide Graphic Sweatshirt,"PKR 2,090",//outfitters.com.pk/cdn/shop/files/F0303107901M_1.jpg?v=1696940585
Hooded Denim Jacket,"PKR 4,490",//outfitters.com.pk/cdn/shop/files/F0140101901M_2.jpg?v=1695279682
Hooded Denim Jacket,"PKR 4,690",//outfitters.com.pk/cdn/shop/files/F0140101622M_1.jpg?v=1700135088
Check Shirt,"PKR 1,990",//outfitters.com.pk/cdn/shop/files/F0421103301M_2.jpg?v=1698388002
Check Shirt With Contrast Patch Pocket,"PKR 2,090",//outfitters.com.pk/cdn/shop/files/F0407103618M_4.jpg?v=1698387587
slim fit jeans,"PKR 2,990",//outfitters.com.pk/cdn/shop/files/F0317109630_lowersM_1.jpg?v=1698387391
Retro Graphic Print T-Shirt,"PKR 1,190",//outfitters.com.pk/cdn/shop/files/F0676106001M_4.jpg?v=1698401599
Love Graphic Sweatshirt,"PKR 1,790",//outfitters.com.pk/cdn/shop/files/F0285107637M_2.jpg?v=1703052318
Love Graphic Sweatshirt,"PKR 1,790",//outfitters.com.pk/cdn/shop/files/F0285107901M_1.jpg?v=1703052318
Rigid Slim Fit Jeans,"PKR 2,490",//outfitters.com.pk/cdn/shop/files/F0298109625_lowers_2.jpg?v=1696575082
Slim Fit Jeans,"PKR 2,990",//outfitters.com.pk/cdn/shop/files/F0321109622_lowersM_1.jpg?v=1696576065
Check Shirt With Patch Pockets,"PKR 2,190",//outfitters.com.pk/cdn/shop/files/F0408103621M_3.jpg?v=1696576153
Check Shirt With Patch Pockets,"PKR 2,190",//outfitters.com.pk/cdn/shop/files/F0408103704M_2.jpg?v=1696576153
Skull Print Hooded Vest,"PKR 1,790",//outfitters.com.pk/cdn/shop/files/F0279107006M_1.jpg?v=1700646764
Skull Print Hooded Vest,"PKR 1,790",//outfitters.com.pk/cdn/shop/files/F0279107901M_2.jpg?v=1700646764
Textured Zip-Up Hoodie,"PKR 2,290",//outfitters.com.pk/cdn/shop/files/F0277107625M_2.jpg?v=1695015304
Textured Zip-Up Hoodie,"PKR 2,290",//outfitters.com.pk/cdn/shop/files/F0277107901_3.jpg?v=1695015304
Concrete Canvas Graphic Trousers,"PKR 1,890",//outfitters.com.pk/cdn/shop/files/F0304108505_lowersM_1.jpg?v=1694761562
Concrete Canvas Graphic Trousers,"PKR 1,890",//outfitters.com.pk/cdn/shop/files/SAB07902.jpg?v=1696245957
Joggers With Cut & Sew Detail,"PKR 2,290",//outfitters.com.pk/cdn/shop/files/F0310108205_lowersM_1.jpg?v=1699009092
Skinny Fit Jeans,"PKR 2,490",//outfitters.com.pk/cdn/shop/files/F0314109903_lowersM_1.jpg?v=1694501491
Multi-chain bracelet,"PKR 1,490",//outfitters.com.pk/cdn/shop/files/F0030117919_1.jpg?v=1694433252
Retro Squared Sunglasses,"PKR 1,290",//outfitters.com.pk/cdn/shop/files/F0040120801_2.jpg?v=1694157142
Rimless Wayferer Sunglasses,"PKR 1,790",//outfitters.com.pk/cdn/shop/files/F0036120616_2.jpg?v=1694156400
Monotone Aviator Sunglasses,"PKR 1,790",//outfitters.com.pk/cdn/shop/files/F0031120801_2.jpg?v=1694154377
Techno-Squared Sunglasses,"PKR 1,290",//outfitters.com.pk/cdn/shop/files/F0043120203_2.jpg?v=1694154163
Techno-Aviator Sunglasses,"PKR 1,990",//outfitters.com.pk/cdn/shop/files/F0034120810_2.jpg?v=1694152330
Basic Joggers,"PKR 1,890",//outfitters.com.pk/cdn/shop/files/F0301108625_lowersM_2.jpg?v=1694070154
Slim Fit Jeans,"PKR 2,490",//outfitters.com.pk/cdn/shop/files/F0306108901_lowersM.jpg?v=1694065019
Slim Fit Jeans,"PKR 2,490",//outfitters.com.pk/cdn/shop/files/F0306108111_3.jpg?v=1694065019
Modern Aviator Sunglasses,"PKR 1,990",//outfitters.com.pk/cdn/shop/files/F0037120901_2.jpg?v=1694156995
Tinted Wayfarer Sunglasses,"PKR 1,290",//outfitters.com.pk/cdn/shop/files/F0041120201_2.jpg?v=1694061869
